Total, Raycast, Update_cache, Inflation, PointCloudNumber, CacheNumber, InflationNumber
0.0601028, 0.000202429, 0.000149649, 1.0071e-05, 587, 1504, 50
0.000197771, 0.000105145, 9.1008e-05, 7.55e-06, 579, 1394, 40
0.00048229, 0.00028137, 0.000198178, 8.075e-06, 576, 1606, 32
0.000296154, 0.000154207, 0.00014021, 5.504e-06, 561, 1545, 23
0.000716743, 0.000398193, 0.000313785, 2.4405e-05, 575, 1505, 24
0.000308817, 0.000168419, 0.000139662, 4.749e-06, 574, 1599, 20
0.00082769, 0.00038872, 0.000436547, 1.8395e-05, 587, 1543, 16
0.000353345, 0.000183525, 0.000168283, 4.782e-06, 571, 1568, 20
0.000312553, 0.000168945, 0.000142922, 3.869e-06, 569, 1406, 17
0.00026882, 0.00012721, 0.000140659, 4.432e-06, 570, 1706, 22
0.000435915, 0.00026416, 0.000169818, 4.458e-06, 578, 1578, 20
0.000344005, 0.000181594, 0.000161579, 6.085e-06, 573, 1574, 32
0.00037126, 0.000207925, 0.000162253, 6.413e-06, 566, 1693, 23
0.000427625, 0.000216466, 0.000207287, 6.081e-06, 585, 1644, 22
0.000360166, 0.000194881, 0.000164138, 3.6e-06, 568, 1532, 14
0.00057781, 0.000255685, 0.000320065, 8.188e-06, 566, 1542, 15
0.00149713, 0.0006815, 0.000806979, 2.2365e-05, 568, 1830, 19
0.000869559, 0.000420456, 0.000443223, 1.4465e-05, 559, 1537, 16
0.000417923, 0.000185461, 0.000230918, 8.824e-06, 566, 1579, 18
0.00083716, 0.000305188, 0.000529364, 5.651e-06, 554, 1528, 5
0.000373829, 0.000221096, 0.000151707, 3.995e-06, 557, 1586, 13
0.000285399, 0.000143038, 0.000141418, 3.669e-06, 571, 1690, 13
0.000385697, 0.000228847, 0.000155892, 2.655e-06, 585, 1652, 8
0.000206244, 0.000111519, 9.3851e-05, 2.947e-06, 571, 1393, 10
0.000580134, 0.000286104, 0.000286878, 7.439e-06, 572, 1610, 13
0.000509338, 0.00024597, 0.000260225, 7.094e-06, 563, 1579, 17
0.000480319, 0.000261592, 0.000214059, 3.45e-06, 584, 1628, 9
0.000615647, 0.000310493, 0.000301573, 6.484e-06, 579, 1703, 11
0.000838051, 0.000507626, 0.000327826, 8.19e-06, 582, 1668, 8
0.000352202, 0.000197771, 0.000152066, 8.724e-06, 573, 1648, 17
0.000434222, 0.000219335, 0.000212712, 6.689e-06, 579, 1527, 14
0.000543144, 0.000210292, 0.000331126, 1.4749e-05, 570, 1676, 9
0.000899058, 0.000392012, 0.000497882, 1.9732e-05, 560, 1486, 13
0.000593749, 0.000251668, 0.000340263, 6.758e-06, 551, 1493, 10
0.000312234, 0.000171838, 0.000138984, 3.808e-06, 569, 1496, 10
0.000246918, 0.000150203, 9.5408e-05, 2.875e-06, 568, 1424, 12
0.000346756, 0.000177102, 0.00016837, 2.274e-06, 549, 1453, 6
0.000437449, 0.000220585, 0.000215844, 5.894e-06, 570, 1624, 10
0.000295703, 0.000155591, 0.000139327, 3.344e-06, 573, 1564, 15
0.00025489, 0.000138531, 0.000114334, 5.073e-06, 575, 1518, 5
0.000670184, 0.000311452, 0.00035615, 4.16e-06, 570, 1632, 3
0.000281864, 0.000166104, 0.000114247, 3.092e-06, 569, 1826, 11
0.000224386, 0.000130737, 9.1821e-05, 2.553e-06, 580, 1796, 11
0.000426599, 0.000208705, 0.000216262, 4.416e-06, 585, 1712, 9
0.000292897, 0.000148, 0.000143272, 3.734e-06, 563, 1592, 9
0.000191697, 0.000107467, 8.2973e-05, 1.71e-06, 571, 1614, 8
0.000329499, 0.00018806, 0.000140422, 4.141e-06, 566, 1554, 15
0.000205545, 0.000122616, 8.1281e-05, 2.443e-06, 571, 1541, 11
0.000281612, 0.000165443, 0.000115024, 2.658e-06, 558, 1770, 12
0.000768479, 0.000380373, 0.000385844, 3.769e-06, 564, 1523, 4
0.000397268, 0.000221505, 0.000174095, 3.432e-06, 581, 1625, 12
0.000279765, 0.000162549, 0.000115559, 2.691e-06, 574, 1664, 8
0.000492514, 0.000249416, 0.000241518, 4.338e-06, 581, 1465, 8
0.00029834, 0.000168435, 0.000128457, 2.154e-06, 575, 1757, 8
0.000411488, 0.000197712, 0.000212028, 5.787e-06, 573, 1675, 9
0.000452486, 0.000245211, 0.000204426, 5.349e-06, 567, 1564, 9
0.00040676, 0.000191766, 0.000211871, 4.321e-06, 560, 1631, 7
0.00033252, 0.000182835, 0.000148096, 3.032e-06, 574, 1609, 9
0.000448896, 0.000354291, 9.2856e-05, 2.653e-06, 576, 1590, 9
0.000292033, 0.000163155, 0.000127994, 3.022e-06, 553, 1643, 12
0.000315856, 0.000160254, 0.000154185, 2.498e-06, 558, 1561, 8
0.00026702, 0.000155462, 0.000110461, 2.091e-06, 574, 1532, 8
0.00051762, 0.000244227, 0.000271863, 4.322e-06, 567, 1874, 8
0.000505081, 0.000235217, 0.000268645, 3.565e-06, 579, 1937, 7
0.000417991, 0.000214746, 0.000200707, 2.599e-06, 559, 1598, 6
0.000446342, 0.000253645, 0.000191703, 2.873e-06, 580, 1645, 6
0.000263162, 0.000162044, 0.000100267, 1.791e-06, 556, 1429, 5
0.000256479, 0.000131918, 0.000122429, 3.345e-06, 569, 1411, 6
0.000168532, 0.000100479, 6.7442e-05, 1.506e-06, 555, 1541, 6
0.000236442, 0.000144728, 9.0864e-05, 1.603e-06, 558, 1618, 3
0.000524859, 0.000262628, 0.000258569, 6.177e-06, 555, 1639, 12
0.000442489, 0.000249608, 0.000191091, 4.128e-06, 571, 1803, 11
0.000305151, 0.000158398, 0.000145188, 3.809e-06, 580, 1691, 8
0.000627312, 0.000265571, 0.000359788, 8.348e-06, 585, 1590, 11
0.00032587, 0.000194187, 0.000130717, 1.964e-06, 580, 1589, 6
0.00025976, 0.000151771, 0.000107036, 2.526e-06, 563, 1614, 10
0.000329217, 0.000178896, 0.00014871, 3.001e-06, 572, 1674, 4
0.000304962, 0.000167419, 0.000136371, 3.518e-06, 573, 1515, 12
0.00027704, 0.000164043, 0.000110915, 2.264e-06, 580, 1739, 9
0.000234095, 0.000144484, 8.8011e-05, 1.093e-06, 566, 1733, 4
0.000170548, 9.9322e-05, 7.0459e-05, 1.57e-06, 571, 1602, 6
0.000270473, 0.000164483, 0.000104792, 2.561e-06, 565, 1652, 12
0.000194418, 9.856e-05, 9.4629e-05, 1.664e-06, 577, 1514, 6
0.000265248, 0.000162516, 0.000101033, 2.861e-06, 562, 1664, 10
0.000384009, 0.000233208, 0.000148137, 3.309e-06, 555, 1424, 6
0.000266211, 0.000158876, 0.000105461, 3.182e-06, 557, 1649, 10
0.00032723, 0.000173539, 0.000152469, 3.049e-06, 541, 1501, 8
0.000265944, 0.000179697, 8.5212e-05, 2.232e-06, 562, 1613, 6
0.000211749, 0.000120613, 9.0403e-05, 1.079e-06, 569, 1747, 3
0.000247205, 0.000141412, 0.000102876, 1.754e-06, 573, 1643, 5
0.000329208, 0.000243373, 8.212e-05, 1.189e-06, 574, 1691, 4
0.000177173, 0.000108481, 6.7645e-05, 2.1e-06, 578, 1631, 6
0.000471073, 0.000170787, 0.000298561, 1.0801e-05, 553, 1538, 6
0.00043182, 0.000139791, 0.0002913, 3.142e-06, 564, 1537, 3
0.000564057, 0.000391608, 0.00017002, 3.793e-06, 552, 1516, 9
0.000483203, 0.000197055, 0.000280359, 1.0249e-05, 574, 1569, 10
0.000357125, 0.00019376, 0.000162206, 2.377e-06, 562, 1703, 7
0.000308516, 0.000162738, 0.00014433, 7.186e-06, 598, 1671, 16
0.000299599, 0.000187395, 0.000111306, 1.816e-06, 572, 1708, 8
0.000399906, 0.000312085, 8.4242e-05, 3.191e-06, 595, 1688, 10
0.000347323, 0.000208101, 0.000137897, 2.196e-06, 578, 1635, 6
0.00039144, 0.000267343, 0.000117582, 1.614e-06, 591, 1546, 6
0.000627081, 0.000446481, 0.00017794, 2.258e-06, 581, 1691, 7
0.000263549, 0.000153745, 0.000108022, 2.379e-06, 582, 1600, 8
0.000401082, 0.00023504, 0.000164459, 3.99e-06, 582, 1807, 13
0.00083792, 0.000302851, 0.000532001, 1.4456e-05, 587, 1721, 13
0.000196697, 0.000112494, 8.3277e-05, 2.416e-06, 581, 1679, 9
0.000265861, 0.000158385, 0.000106131, 2.691e-06, 593, 1789, 11
0.000579774, 0.000300778, 0.000277666, 8.076e-06, 583, 1724, 10
0.000294032, 0.000169205, 0.000123091, 2.153e-06, 567, 1815, 7
0.000216659, 0.000127586, 8.723e-05, 2.972e-06, 578, 1702, 10
0.000578584, 0.000307009, 0.000267573, 6.635e-06, 581, 1912, 12
0.000307722, 0.000182437, 0.000123671, 2.846e-06, 599, 1760, 11
0.000518991, 0.000282386, 0.000235676, 5.628e-06, 594, 1863, 8
0.00018603, 0.000109279, 7.5875e-05, 2.273e-06, 571, 1714, 11
0.000303214, 0.000207084, 9.4615e-05, 2.131e-06, 595, 1666, 5
0.000248001, 0.000158974, 8.7949e-05, 2.07e-06, 576, 1556, 3
0.00020059, 0.000126412, 7.3146e-05, 2.559e-06, 587, 1536, 10
0.00033844, 0.000175845, 0.000161357, 6.9955e-05, 581, 1677, 13
0.000232359, 0.00013471, 9.6682e-05, 5.207e-06, 570, 1739, 22
0.000242246, 0.000133672, 0.000106672, 3.84e-06, 561, 1631, 19
0.00028339, 0.000166013, 0.000116579, 3.156e-06, 596, 1719, 15
0.000301721, 0.000167941, 0.000132325, 4.068e-06, 608, 1595, 18
0.000175364, 9.8326e-05, 7.5999e-05, 3.271e-06, 611, 1792, 18
0.000434402, 0.000206558, 0.000225991, 7.685e-06, 618, 1906, 32
0.000278012, 0.000161692, 0.000115171, 5.375e-06, 602, 1711, 22
0.00020701, 0.000109779, 9.6481e-05, 6.164e-06, 590, 1777, 29
0.001741, 0.00079634, 0.000935277, 4.2444e-05, 590, 1764, 31
0.000413423, 0.000202991, 0.0002091, 7.832e-06, 576, 1812, 26
0.000312614, 0.000175846, 0.000134778, 5.135e-06, 608, 1517, 20
0.000286946, 0.00015401, 0.000131976, 9.181e-06, 590, 1510, 19
0.00026814, 0.000145861, 0.000121097, 3.902e-06, 580, 1516, 20
0.000290927, 0.000164904, 0.000124489, 4.733e-06, 591, 1627, 22
0.0282192, 0.000155484, 0.000116265, 6.164e-06, 587, 1686, 24
0.000288336, 0.000152832, 0.000133927, 5.653e-06, 567, 1535, 23
0.000262245, 0.000137522, 0.000123369, 5.033e-06, 538, 1278, 21
0.000425589, 0.000244643, 0.000178507, 5.879e-06, 548, 1357, 22
0.000682933, 0.000268674, 0.000411502, 2.2486e-05, 538, 1420, 24
0.000560205, 0.000294464, 0.000264553, 1.0609e-05, 521, 1150, 21
0.000552455, 0.000285157, 0.000261776, 2.4228e-05, 513, 1237, 24
0.000358242, 0.000162219, 0.000194192, 7.964e-06, 528, 1237, 25
0.000259682, 0.000134319, 0.00012459, 6.107e-06, 530, 1387, 24
0.000279778, 0.000157359, 0.00012079, 5.163e-06, 526, 1336, 23
0.000246931, 0.000141024, 0.000104859, 3.897e-06, 517, 1347, 17
0.000317021, 0.000145957, 0.000168747, 1.0028e-05, 531, 1585, 27
0.000491945, 0.000293899, 0.00019364, 1.0708e-05, 509, 1312, 14
0.000587231, 0.000317938, 0.000265154, 1.2325e-05, 536, 1443, 22
0.000675107, 0.00057602, 9.5837e-05, 6.164e-06, 498, 1336, 18
0.000427296, 0.00014082, 0.000285581, 1.7137e-05, 466, 1115, 20
0.0302458, 0.000100591, 8.1681e-05, 5.207e-06, 495, 1216, 20
0.000257485, 0.000138843, 0.00011703, 5.351e-06, 484, 1243, 24
0.000218993, 0.000124234, 9.3658e-05, 3.499e-06, 498, 1104, 18
0.000599837, 0.000291564, 0.000304487, 1.1145e-05, 509, 1075, 15
0.000405486, 0.000209239, 0.000193718, 8.775e-06, 504, 935, 15
0.000169294, 0.000104698, 6.3015e-05, 2.468e-06, 492, 729, 8
0.000116922, 7.013e-05, 4.6003e-05, 1.871e-06, 511, 715, 7
0.000166603, 0.000106569, 5.8749e-05, 1.964e-06, 499, 701, 8
0.000180507, 0.000111525, 6.7742e-05, 2.868e-06, 511, 779, 13
0.000162818, 0.000104308, 5.7468e-05, 2.049e-06, 495, 707, 8
0.000260354, 0.000139777, 0.00011608, 6.88e-06, 503, 812, 16
0.00019713, 0.000118572, 7.6923e-05, 9.069e-06, 474, 677, 14
0.000117648, 7.7342e-05, 3.9243e-05, 1.947e-06, 488, 660, 9
0.000151515, 9.8409e-05, 5.1759e-05, 1.236e-06, 479, 672, 4
0.000264455, 0.000161774, 9.9791e-05, 2.903e-06, 473, 711, 7
0.000346318, 0.000201798, 0.000140116, 8.524e-06, 481, 762, 8
0.000273847, 0.000136529, 0.000135698, 5.129e-06, 481, 1039, 12
0.000199022, 0.000114889, 8.2954e-05, 3.553e-06, 490, 936, 15
0.000223507, 0.00011892, 0.000103207, 2.87e-06, 487, 1088, 12
0.000335234, 0.000173795, 0.000159782, 6.615e-06, 487, 1092, 20
0.000613372, 0.000287509, 0.0003223, 1.4693e-05, 490, 1303, 20
0.000437889, 0.000208947, 0.000224453, 1.1383e-05, 508, 1712, 33
0.000368794, 0.000192628, 0.000174766, 6.048e-06, 466, 1605, 27
0.000525572, 0.000331835, 0.00018916, 1.2058e-05, 465, 1491, 27
0.000200944, 0.000110853, 8.8476e-05, 4.375e-06, 463, 1640, 23
0.000328532, 0.000195684, 0.000131365, 7.337e-06, 485, 1745, 29
0.000160651, 8.8012e-05, 7.1856e-05, 3.676e-06, 492, 1526, 17
0.000290324, 0.000163747, 0.000125522, 3.809e-06, 476, 1363, 15
0.000192013, 0.000113, 7.811e-05, 3.332e-06, 481, 1382, 18
0.000314856, 0.000178806, 0.000133403, 1.968e-06, 481, 1421, 7
0.00022756, 0.000126966, 9.9581e-05, 4.878e-06, 474, 1390, 20
0.000369613, 0.000183968, 0.000183513, 6.475e-06, 495, 1572, 14
0.000271588, 0.000144812, 0.000125824, 3.391e-06, 482, 1500, 13
0.000214889, 0.000108391, 0.000105228, 4.195e-06, 492, 1554, 14
0.000394746, 0.000210715, 0.000182376, 7.33e-06, 494, 1447, 17
0.000206011, 0.000123632, 8.1124e-05, 3.958e-06, 481, 1572, 16
0.000453307, 0.000218415, 0.000231828, 5.049e-06, 478, 1517, 16
0.000193064, 0.000113697, 7.8575e-05, 4.123e-06, 476, 1526, 22
0.000629291, 0.00031224, 0.000314915, 1.0144e-05, 480, 1609, 11
0.000320067, 0.000200672, 0.0001181, 4.311e-06, 472, 1562, 14
0.000238494, 0.000142674, 9.4779e-05, 1.913e-06, 483, 1444, 8
0.000495872, 0.000226144, 0.000266578, 1.0017e-05, 477, 1530, 17
0.000293406, 0.000177625, 0.000114527, 3.436e-06, 481, 1455, 9
0.000282874, 0.000170746, 0.000110218, 4.51e-06, 484, 1500, 16
0.00023454, 0.00014526, 8.8155e-05, 8.641e-06, 473, 1692, 10
0.000293955, 0.000201491, 8.7336e-05, 2.632e-06, 472, 1561, 12
0.000256003, 0.000129379, 0.000125432, 6.111e-06, 485, 1483, 14
0.000217422, 0.000137441, 7.717e-05, 2.33e-06, 479, 1580, 10
0.000226342, 0.000138777, 8.6641e-05, 4.037e-06, 481, 1436, 12
0.000525337, 0.000314678, 0.000208229, 3.735e-06, 475, 1433, 7
0.000285628, 0.000163743, 0.000119827, 4.272e-06, 487, 1494, 16
0.000256075, 0.000156824, 9.8151e-05, 2.96e-06, 482, 1589, 12
0.000544053, 0.000354138, 0.000186337, 7.874e-06, 482, 1620, 12
0.000158826, 9.3957e-05, 6.4151e-05, 2.436e-06, 486, 1557, 11
0.000306996, 0.000184644, 0.00012101, 2.679e-06, 488, 1509, 10
0.000246515, 0.000145964, 9.956e-05, 2.504e-06, 483, 1520, 12
0.000284664, 0.000183252, 0.000100437, 3.421e-06, 483, 1556, 9
0.000389435, 0.000240281, 0.000147865, 2.851e-06, 476, 1388, 6
0.000529382, 0.000302253, 0.000223938, 6.855e-06, 481, 1561, 10
0.000414697, 0.000217465, 0.000195238, 7.133e-06, 468, 1402, 7
0.000204637, 0.000113722, 9.0151e-05, 1.984e-06, 475, 1436, 7
0.000505728, 0.000336803, 0.000165027, 3.902e-06, 472, 1390, 8
0.000701806, 0.000386037, 0.000310597, 8.554e-06, 483, 1446, 5
0.0002869, 0.000173111, 0.000112403, 2.086e-06, 482, 1479, 6
0.000163523, 0.00010511, 5.7208e-05, 2.245e-06, 485, 1498, 9
0.000312741, 0.00020351, 0.000108349, 3.01e-06, 485, 1486, 10
0.000387701, 0.000224904, 0.000160576, 6.201e-06, 484, 1497, 12
0.000359433, 0.000247671, 0.000109754, 3.173e-06, 492, 1569, 8
0.000250283, 0.000154117, 9.4924e-05, 2.519e-06, 499, 1597, 8
0.000298815, 0.000161974, 0.000136027, 2.24e-06, 494, 1442, 5
0.000446847, 0.000219732, 0.000223625, 7.542e-06, 480, 1542, 9
0.000298501, 0.000206177, 9.036e-05, 1.7e-06, 522, 1641, 5
0.000599857, 0.000406685, 0.000190346, 5.98e-06, 489, 1482, 9
0.000237561, 0.00014055, 9.5459e-05, 2.384e-06, 504, 1554, 8
0.000301257, 0.0001879, 0.000110488, 3.063e-06, 496, 1457, 11
0.000405135, 0.000216859, 0.000186117, 6.146e-06, 507, 1480, 12
0.000628962, 0.000311362, 0.000311596, 8.204e-06, 487, 1567, 11
0.000155336, 9.4878e-05, 5.9801e-05, 3.357e-06, 505, 1479, 11
0.000138005, 7.8717e-05, 5.8466e-05, 3.418e-06, 492, 1432, 17
0.000286316, 0.000162853, 0.000122343, 1.917e-06, 505, 1517, 5
0.000551571, 0.000301769, 0.000245766, 8.35e-06, 490, 1548, 8
0.000286363, 0.000140576, 0.000144098, 3.374e-06, 507, 1452, 7
0.000800369, 0.00048139, 0.000311667, 9.338e-06, 513, 1548, 15
0.000285497, 0.000164193, 0.000120237, 3.102e-06, 512, 1558, 9
0.00123018, 0.000799494, 0.000422458, 1.0711e-05, 506, 1464, 10
0.000240909, 0.000144354, 9.5322e-05, 3.007e-06, 500, 1563, 12
0.000703014, 0.000253369, 0.000448057, 1.5393e-05, 515, 1619, 9
0.000143504, 8.7012e-05, 5.5833e-05, 3.183e-06, 505, 1468, 10
0.000230165, 0.000144542, 8.4162e-05, 2.349e-06, 520, 1533, 10
0.000288443, 0.00015096, 0.000136083, 4.145e-06, 510, 1577, 12
0.00044966, 0.000273612, 0.000165193, 3.678e-06, 516, 1501, 5
0.000404963, 0.000280352, 0.000119129, 1.418e-06, 500, 1451, 4
0.000679674, 0.000395589, 0.000280667, 7.868e-06, 514, 1564, 8
0.000359093, 0.000185161, 0.000171409, 5.478e-06, 514, 1557, 13
0.000389154, 0.000158824, 0.000228507, 6.058e-06, 524, 1536, 9
0.000147389, 9.1974e-05, 5.4338e-05, 2.161e-06, 508, 1523, 12
0.00023279, 0.000140927, 9.0564e-05, 8.872e-06, 511, 1577, 9
0.000147245, 8.9037e-05, 5.749e-05, 1.837e-06, 513, 1608, 9
0.000153167, 9.7521e-05, 5.4478e-05, 2.211e-06, 510, 1473, 8
0.000241622, 0.0001224, 0.000118553, 4.913e-06, 525, 1501, 13
0.000376334, 0.000197033, 0.000177998, 4.441e-06, 520, 1372, 13
0.000291462, 0.000157591, 0.000132025, 5.432e-06, 528, 1374, 20
0.000430961, 0.00026823, 0.000160476, 7.203e-06, 571, 918, 13
0.000225975, 0.000136592, 8.809e-05, 4.113e-06, 584, 1217, 14
0.000457324, 0.000218466, 0.000236755, 6.892e-06, 598, 1642, 19
0.000290425, 0.000162795, 0.000126187, 4.417e-06, 591, 1643, 19
0.000598561, 0.000312149, 0.00028477, 1.1558e-05, 585, 1701, 22
0.000330778, 0.00022083, 0.000107897, 3.324e-06, 603, 1613, 13
0.000275115, 0.000159778, 0.000114148, 3.487e-06, 590, 1496, 15
0.000173193, 9.5231e-05, 7.7364e-05, 3.35e-06, 573, 1668, 13
0.000441075, 0.000320271, 0.000117719, 5.168e-06, 582, 1532, 13
0.000275759, 0.000128851, 0.000144239, 4.435e-06, 584, 1744, 8
0.000393394, 0.000200252, 0.000185104, 4.603e-06, 595, 1584, 13
0.00028287, 0.000163942, 0.000117619, 3.221e-06, 576, 1636, 11
0.000278199, 0.000162102, 0.000114908, 3.73e-06, 577, 1607, 14
0.00044116, 0.000252768, 0.000185534, 4.804e-06, 589, 1588, 11
0.000413573, 0.00023589, 0.000176059, 5.804e-06, 585, 1602, 16
0.00018824, 0.000107121, 8.0357e-05, 3.211e-06, 575, 1792, 16
0.000392638, 0.000209787, 0.000180682, 8.5e-06, 593, 1746, 18
0.000203662, 0.000122334, 8.0668e-05, 3.665e-06, 584, 1747, 14
0.000457903, 0.000262365, 0.000192933, 7.559e-06, 579, 1686, 17
0.000189109, 0.000111785, 7.6466e-05, 2.928e-06, 594, 1689, 16
0.000599696, 0.000324307, 0.000273715, 9.818e-06, 599, 1595, 16
0.000627835, 0.000285562, 0.000340865, 1.1314e-05, 607, 1752, 21
0.000401472, 0.000202696, 0.000197132, 8.205e-06, 611, 1609, 29
0.000336495, 0.000201603, 0.000133191, 3.161e-06, 612, 1863, 13
0.000315317, 0.000190901, 0.000123176, 3.995e-06, 603, 1489, 15
0.000262938, 0.000152557, 0.0001088, 4.063e-06, 604, 1739, 19
0.000309973, 0.000200973, 0.000107376, 3.235e-06, 618, 1643, 12
0.00109139, 0.000502071, 0.000586697, 1.7127e-05, 606, 1597, 12
0.00048677, 0.000241109, 0.000244209, 1.3504e-05, 608, 1637, 18
0.000452035, 0.000247, 0.000203443, 7.424e-06, 596, 1634, 18
0.000357756, 0.000242426, 0.000112497, 3.7e-06, 602, 1688, 14
0.000253911, 0.000152514, 0.000100423, 2.338e-06, 608, 1516, 9
0.000456681, 0.000262428, 0.000193044, 4.465e-06, 591, 1543, 10
0.000339237, 0.000222655, 0.000115089, 3.71e-06, 597, 1470, 12
0.000319094, 0.000200386, 0.000117745, 2.814e-06, 594, 1638, 9
0.000161626, 8.8121e-05, 7.2554e-05, 1.97e-06, 581, 1659, 9
0.000378895, 0.000186384, 0.00019192, 5.185e-06, 588, 1659, 11
0.000673404, 0.000486916, 0.000182274, 5.073e-06, 582, 1798, 12
0.00136472, 0.000288734, 0.00106949, 4.4571e-05, 589, 1590, 24
0.000526069, 0.000379689, 0.000144866, 2.839e-06, 578, 1602, 11
0.000438147, 0.000210997, 0.000224908, 3.534e-06, 599, 1522, 9
0.000555683, 0.000315341, 0.000236327, 4.614e-06, 588, 1647, 10
0.000402893, 0.000292512, 9.9325e-05, 3.284e-06, 587, 1642, 12
0.00028524, 0.000144763, 0.000138408, 3.781e-06, 587, 1679, 13
0.000213505, 0.00012703, 8.5432e-05, 2.166e-06, 566, 1487, 6
0.000432974, 0.000247951, 0.000183046, 5.577e-06, 576, 1544, 14
0.000423233, 0.000222726, 0.000197256, 6.686e-06, 559, 1439, 6
0.000166539, 0.000104619, 6.1357e-05, 2.326e-06, 515, 1285, 10
0.000412131, 0.000222552, 0.000185382, 4.741e-06, 497, 758, 11
0.000121461, 9.1671e-05, 2.8096e-05, 1.621e-06, 482, 404, 6
0.000280583, 0.000212507, 6.2524e-05, 6.706e-06, 502, 560, 8
0.000239666, 0.000128226, 0.000110651, 4.211e-06, 538, 591, 11
0.0285444, 7.2178e-05, 4.2309e-05, 2.431e-06, 545, 691, 12
0.000331112, 0.000189378, 0.000138913, 4.559e-06, 582, 911, 18
0.00041752, 0.00020868, 0.00020585, 6.684e-06, 595, 1247, 18
0.000525055, 0.000379124, 0.000144736, 4.357e-06, 603, 1482, 16
0.000528271, 0.000314888, 0.00020801, 9.08e-06, 647, 1725, 25
0.00131934, 0.000428103, 0.000872789, 2.7342e-05, 650, 2112, 23
0.000375764, 0.000186787, 0.00018663, 5.375e-06, 662, 2308, 24
0.000441645, 0.000280079, 0.000156762, 4.888e-06, 641, 1915, 21
0.000369322, 0.0001942, 0.000172394, 6.836e-06, 625, 2201, 31
0.0611344, 0.000208121, 0.000164474, 8.77e-06, 633, 2089, 29
0.000511351, 0.000261123, 0.000248217, 8.284e-06, 595, 1883, 25
0.000372846, 0.000194335, 0.000177362, 8.365e-06, 599, 2135, 36
0.000355575, 0.000194552, 0.00015999, 1.1396e-05, 599, 2211, 32
0.000297467, 0.000168906, 0.000125212, 5.216e-06, 560, 1826, 25
0.000220827, 0.000117527, 0.000102403, 4.731e-06, 549, 2040, 28
0.000503349, 0.000196426, 0.000304787, 8.557e-06, 557, 1977, 29
0.00029796, 0.000161369, 0.000135181, 5.329e-06, 543, 1987, 28
0.00018303, 9.6941e-05, 8.5398e-05, 5.046e-06, 528, 1924, 30
0.000437667, 0.000232706, 0.000203151, 7.753e-06, 546, 1926, 27
0.00031171, 0.000172828, 0.000137576, 6.856e-06, 538, 2073, 26
0.000195676, 0.000104957, 8.9676e-05, 3.396e-06, 538, 1837, 19
0.000344971, 0.000173061, 0.000170979, 5.079e-06, 553, 2059, 25
0.000354407, 0.000177016, 0.000176378, 5.911e-06, 531, 2173, 30
0.000302071, 0.000164175, 0.000137, 5.103e-06, 522, 2089, 23
0.000306216, 0.000163392, 0.000142057, 4.999e-06, 520, 1975, 25
0.000316106, 0.000176144, 0.000138671, 5.419e-06, 530, 2059, 24
0.00126581, 0.000613016, 0.000646488, 2.853e-05, 523, 1956, 19
0.000369011, 0.000201588, 0.000166245, 1.0282e-05, 521, 2143, 27
0.000350368, 0.000171845, 0.000177184, 8.61e-06, 508, 1864, 27
0.000306897, 0.000166825, 0.000138689, 8.022e-06, 491, 1978, 20
0.000215784, 0.000141549, 7.2641e-05, 3.756e-06, 479, 1598, 22
0.000215291, 0.000112482, 0.000101483, 3.574e-06, 496, 1684, 17
0.0641568, 0.000195067, 0.000150656, 9.807e-06, 490, 1489, 31
0.000177488, 9.6431e-05, 7.9652e-05, 3.954e-06, 473, 1586, 22
0.000452094, 0.000217615, 0.000231442, 9.855e-06, 493, 1632, 20
0.000368803, 0.000170793, 0.00019652, 8.736e-06, 494, 1507, 20
0.000263943, 0.0001335, 0.000129323, 8.983e-06, 487, 1587, 21
0.000225659, 0.0001248, 9.9834e-05, 3.301e-06, 490, 1395, 14
0.000608089, 0.00033332, 0.000272665, 1.3351e-05, 507, 1430, 16
0.000241535, 0.000138123, 0.000102033, 3.485e-06, 488, 1396, 13
0.000507571, 0.000331358, 0.000171799, 8.719e-06, 494, 1485, 19
0.000383727, 0.00019344, 0.0001882, 7.244e-06, 485, 1587, 13
0.000517022, 0.000258641, 0.000255632, 7.073e-06, 497, 1568, 10
0.00017263, 9.0505e-05, 8.1378e-05, 3.459e-06, 490, 1641, 17
0.000567881, 0.00022354, 0.000342386, 5.13e-06, 505, 1568, 12
0.000243205, 0.000137679, 0.000104572, 3.076e-06, 508, 1515, 11
0.000309952, 0.000168172, 0.000140449, 3.967e-06, 510, 1847, 15
0.000224558, 0.000133194, 8.8897e-05, 2.995e-06, 503, 1927, 15
0.000478697, 0.000341866, 0.000134436, 6.446e-06, 512, 1806, 15
0.000335851, 0.000149434, 0.000185717, 5.012e-06, 520, 1737, 13
0.000660843, 0.000268436, 0.000391024, 1.0632e-05, 508, 1861, 19
0.000398179, 0.000236891, 0.000160119, 6.725e-06, 524, 1978, 21
0.000382728, 0.00025425, 0.000126059, 4.256e-06, 514, 1998, 16
0.00027225, 0.000156506, 0.000114465, 4.193e-06, 519, 1742, 16
0.000306873, 0.000172224, 0.00013344, 4.813e-06, 512, 1806, 19
0.000424784, 0.000281466, 0.000142057, 5.058e-06, 518, 1802, 21
0.000554235, 0.000255208, 0.000294871, 6.232e-06, 529, 1779, 15
0.000322389, 0.000166811, 0.000152741, 3.804e-06, 519, 1690, 13
0.000787286, 0.000318256, 0.000466968, 1.3498e-05, 505, 1591, 10
0.000393075, 0.000257095, 0.000133604, 3.045e-06, 513, 1524, 7
0.000354789, 0.00025499, 9.6926e-05, 2.398e-06, 517, 1497, 9
0.000170226, 9.5601e-05, 7.3648e-05, 3.007e-06, 488, 1510, 13
0.000410028, 0.000277577, 0.000128051, 5.363e-06, 511, 1545, 9
0.00015719, 9.4222e-05, 6.205e-05, 2.037e-06, 497, 1556, 9
0.000259285, 0.000159435, 9.755e-05, 3.301e-06, 506, 1508, 11
0.00026435, 0.000140078, 0.000123309, 4.152e-06, 508, 1608, 11
0.000727094, 0.000245106, 0.000474008, 1.3376e-05, 507, 1552, 14
0.000232193, 0.000135474, 9.5648e-05, 2.529e-06, 513, 1548, 8
0.000476465, 0.000286308, 0.000185316, 3.329e-06, 516, 1488, 5
0.000170923, 0.000102236, 6.7879e-05, 1.749e-06, 499, 1636, 8
0.000459903, 0.000312001, 0.000144529, 3.845e-06, 511, 1615, 11
0.000269624, 0.000165281, 0.000102916, 3.249e-06, 514, 1660, 15
0.00060443, 0.000477856, 0.000121629, 5.637e-06, 505, 1540, 11
0.000230365, 0.000145668, 8.3587e-05, 2.62e-06, 506, 1473, 12
0.000271538, 0.00019554, 7.4232e-05, 2.813e-06, 504, 1558, 11
0.000305738, 0.000177124, 0.00012725, 3.375e-06, 507, 1588, 12
0.000282522, 0.000177886, 0.000103465, 2.297e-06, 526, 1751, 8
0.000199793, 0.000123454, 7.5182e-05, 2.567e-06, 507, 1603, 11
0.000407571, 0.000278013, 0.000124546, 2.309e-06, 511, 1640, 9
0.000225294, 0.000134993, 8.9265e-05, 1.932e-06, 504, 1558, 8
0.0004332, 0.000293095, 0.00013599, 4.922e-06, 516, 1559, 10
0.00017727, 0.000109813, 6.6336e-05, 2.29e-06, 514, 1615, 9
0.00140951, 0.00103789, 0.000366435, 9.246e-06, 510, 1715, 9
0.000233728, 0.000143221, 8.9486e-05, 1.505e-06, 523, 1577, 6
0.000228419, 0.000142589, 8.4932e-05, 1.959e-06, 524, 1563, 7
0.000455718, 0.000278463, 0.000174713, 6.762e-06, 509, 1530, 17
0.000282358, 0.000160183, 0.000120808, 3.509e-06, 534, 1656, 14
0.035025, 0.000287738, 0.000340486, 7.969e-06, 555, 1953, 22
0.000475802, 0.000262671, 0.000210334, 8.943e-06, 592, 2236, 25
0.000333924, 0.000172646, 0.00015968, 5.825e-06, 626, 2123, 23
0.0243393, 0.000170193, 0.000135687, 6.493e-06, 652, 2561, 35
0.000418342, 0.000229376, 0.000186898, 7.223e-06, 641, 2374, 34
0.000330487, 0.000164895, 0.000164377, 8.796e-06, 661, 2638, 29
0.000367416, 0.000203922, 0.000162453, 6.2e-06, 632, 2409, 29
0.000363301, 0.000205349, 0.000157177, 5.655e-06, 663, 2259, 27
0.00517846, 0.000373372, 0.000437623, 2.4136e-05, 655, 2040, 31
0.000333493, 0.000198928, 0.00013354, 3.476e-06, 622, 1826, 14
0.000314171, 0.000163605, 0.000148923, 5.57e-06, 635, 1833, 20
0.000361373, 0.000211586, 0.000148288, 5.148e-06, 608, 2014, 27
0.000351603, 0.000206941, 0.000143276, 4.292e-06, 610, 1973, 20
0.0273622, 0.000139328, 0.000102072, 5.539e-06, 601, 1946, 30
0.000193687, 0.000103912, 8.8786e-05, 4.361e-06, 610, 1912, 26
0.000195443, 0.00010258, 9.2141e-05, 4.277e-06, 581, 1778, 23
0.000205569, 0.00011203, 9.2482e-05, 4.032e-06, 587, 1642, 20
0.00036828, 0.000212929, 0.000153961, 6.365e-06, 617, 1461, 25
0.000341238, 0.000239473, 0.000100794, 4.68e-06, 608, 1810, 24
0.00020132, 0.000114508, 8.6114e-05, 2.893e-06, 619, 1704, 15
0.000348004, 0.000213321, 0.000133835, 4.229e-06, 588, 1754, 20
0.000382669, 0.000241139, 0.000140106, 2.166e-06, 590, 1636, 9
0.00019599, 0.000119161, 7.5586e-05, 3.208e-06, 592, 1518, 16
0.00014989, 8.8433e-05, 6.0583e-05, 2.982e-06, 554, 1398, 15
0.000232331, 0.000132542, 9.8981e-05, 3.46e-06, 548, 1222, 15
0.000171447, 0.00010946, 6.1204e-05, 2.335e-06, 533, 1194, 11
0.000266825, 0.000156007, 0.000109717, 2.655e-06, 531, 1035, 7
0.000237154, 0.000143046, 9.1845e-05, 2.815e-06, 532, 1064, 11
0.000127248, 7.7601e-05, 4.9086e-05, 2.487e-06, 520, 771, 10
0.00015892, 9.8255e-05, 5.8285e-05, 2.52e-06, 512, 700, 7
0.000116591, 7.1614e-05, 4.4045e-05, 1.732e-06, 519, 781, 7
0.000198662, 0.000132748, 6.4152e-05, 1.949e-06, 519, 696, 7
0.00019382, 0.000118265, 7.4344e-05, 2.417e-06, 521, 852, 9
0.000105913, 6.3402e-05, 4.142e-05, 1.697e-06, 517, 740, 6
0.000295289, 0.000156062, 0.000138049, 4.88e-06, 528, 834, 8
0.000375088, 0.000203518, 0.000169518, 4.214e-06, 542, 999, 8
0.000573225, 0.0003298, 0.00023916, 5.715e-06, 539, 1036, 7
0.000295841, 0.000139639, 0.000154133, 8.345e-06, 555, 1191, 13
0.000173657, 0.000118224, 5.4652e-05, 1.393e-06, 539, 766, 4
0.000217524, 0.000131287, 8.4772e-05, 1.169e-06, 544, 1084, 3
0.00021728, 0.000116706, 9.9622e-05, 3.735e-06, 546, 887, 11
0.000145214, 8.2637e-05, 6.183e-05, 2.497e-06, 535, 1117, 10
0.000161981, 0.000100882, 5.9215e-05, 2.827e-06, 548, 1127, 12
0.000428917, 0.000194158, 0.000231744, 6.567e-06, 544, 984, 7
0.00034119, 0.000168511, 0.000170659, 3.623e-06, 555, 991, 5
0.000124233, 7.7437e-05, 4.6062e-05, 2.259e-06, 543, 1040, 7
0.000364735, 0.000180637, 0.000181572, 3.261e-06, 546, 1289, 6
0.000240988, 0.000134382, 0.000105018, 2.423e-06, 554, 882, 6
0.000337255, 0.000164823, 0.000171467, 3.635e-06, 554, 1164, 5
0.000216797, 0.000140818, 7.4783e-05, 5.13e-07, 558, 1033, 1
0.00057688, 0.000288253, 0.00028316, 4.595e-06, 540, 1158, 4
0.000378867, 0.000195381, 0.000181654, 3.897e-06, 560, 1209, 6
0.000239863, 0.000151128, 8.71e-05, 2.503e-06, 561, 1131, 9
0.00053974, 0.000238372, 0.000300056, 9.099e-06, 564, 1284, 8
0.000632069, 0.000372224, 0.000257879, 9.929e-06, 557, 1112, 6
0.000350082, 0.000198358, 0.000149305, 5.179e-06, 557, 1216, 8
0.000418399, 0.000223351, 0.000191063, 4.286e-06, 566, 1163, 6
0.000164775, 9.4051e-05, 6.9674e-05, 2.146e-06, 552, 1168, 6
0.000359935, 0.000228276, 0.000130235, 2.516e-06, 559, 1054, 5
0.00039912, 0.000312492, 8.254e-05, 1.634e-06, 551, 1302, 7
0.000646763, 0.000317426, 0.000326896, 1.6134e-05, 568, 1297, 11
0.00024525, 0.000150304, 9.3255e-05, 1.702e-06, 563, 1431, 6
0.000440943, 0.000244693, 0.000193344, 2.91e-06, 555, 1317, 5
0.000367473, 0.000195238, 0.000170779, 4.918e-06, 556, 1243, 8
0.00017548, 0.00010356, 7.1093e-05, 2.055e-06, 550, 1289, 10
0.000324452, 0.000166133, 0.000156331, 4.755e-06, 578, 1582, 10
0.000277621, 0.00015467, 0.000120596, 2.782e-06, 563, 1256, 7
0.000253688, 0.000152618, 0.000100262, 2.409e-06, 595, 1325, 12
0.000262999, 0.000158601, 0.00010369, 1.823e-06, 574, 1467, 7
0.000253045, 0.000112814, 0.000138659, 4.607e-06, 581, 1447, 12
0.000301957, 0.000163346, 0.000136176, 3.708e-06, 571, 1421, 11
0.00023101, 9.7046e-05, 0.000133026, 5.983e-06, 578, 1522, 14
0.000167244, 9.9343e-05, 6.7103e-05, 1.792e-06, 569, 1514, 9
0.000419395, 0.000217295, 0.00020032, 6.191e-06, 565, 1423, 13
0.00056402, 0.00031743, 0.000244227, 6.333e-06, 591, 1632, 9
0.000496624, 0.000178699, 0.000316155, 1.1409e-05, 606, 1674, 9
0.000577851, 0.000260075, 0.000314515, 9.771e-06, 609, 1927, 16
0.000529968, 0.000274965, 0.000253494, 6.895e-06, 641, 2226, 28
0.000335906, 0.000188388, 0.000146659, 3.741e-06, 668, 2022, 17
0.000338898, 0.000162578, 0.000174338, 7.202e-06, 668, 1560, 17
0.000205503, 0.00010603, 9.838e-05, 4.122e-06, 666, 1353, 18
0.000581999, 0.000276311, 0.000302083, 8.602e-06, 680, 1335, 16
0.00121602, 0.00052191, 0.00069089, 1.1538e-05, 660, 1509, 16
0.000270684, 0.000141908, 0.000127084, 3.887e-06, 632, 1425, 14
0.000539401, 0.000291278, 0.000246575, 6.647e-06, 696, 2080, 27
0.000352255, 0.000197744, 0.000153496, 6.602e-06, 686, 2382, 31
0.000350673, 0.000213989, 0.000134422, 5.967e-06, 671, 2369, 29
0.000719109, 0.000217126, 0.000498458, 2.7711e-05, 693, 2692, 31
0.000767982, 0.000365002, 0.000402125, 1.1234e-05, 678, 2873, 33
0.0613052, 0.00016494, 0.000207778, 7.323e-06, 671, 2674, 29
0.000913965, 0.000469712, 0.000441431, 1.3536e-05, 669, 2665, 30
0.000358172, 0.000184527, 0.000170147, 6.624e-06, 667, 2756, 31
0.000282725, 0.000143466, 0.000138243, 4.826e-06, 655, 2785, 28
0.000459523, 0.000246943, 0.000211343, 5.541e-06, 651, 2406, 27
0.000399047, 0.00022275, 0.000175223, 3.998e-06, 661, 2517, 23
0.000558212, 0.000277127, 0.000280061, 9.168e-06, 664, 2589, 27
0.000392717, 0.000212634, 0.000178868, 5.034e-06, 679, 2601, 28
0.000962497, 0.000564342, 0.000392348, 1.7124e-05, 653, 2399, 31
0.00431815, 0.000457257, 0.0002572, 1.2127e-05, 690, 2905, 33
0.000655805, 0.000293342, 0.000360114, 9.918e-06, 666, 3020, 32
0.000314234, 0.00015597, 0.000157421, 5.59e-06, 664, 3015, 30
0.000524856, 0.000203491, 0.000320517, 9.008e-06, 655, 2886, 25
0.000327074, 0.000164211, 0.000161794, 4.156e-06, 663, 2941, 19
0.000385134, 0.000226456, 0.000157598, 3.98e-06, 635, 2545, 18
0.00025772, 0.000145328, 0.000110962, 5.464e-06, 629, 2377, 23
0.00033344, 0.000142659, 0.000189158, 5.54e-06, 611, 2453, 19
0.000670457, 0.000338141, 0.000331119, 7.942e-06, 624, 2455, 26
0.000550321, 0.000364231, 0.000181595, 4.8e-06, 620, 2373, 23
0.000482587, 0.000191235, 0.000289638, 6.158e-06, 617, 2247, 24
0.000667314, 0.000359971, 0.000304809, 1.4621e-05, 651, 2198, 28
0.000356274, 0.000187165, 0.000167019, 5.51e-06, 637, 2032, 24
0.00054072, 0.000253516, 0.000285378, 1.8393e-05, 661, 2238, 21
0.000372691, 0.000202628, 0.000168934, 5.84e-06, 654, 2159, 20
0.0682847, 0.00032279, 0.000162086, 4.183e-06, 636, 2019, 15
0.000367606, 0.000210242, 0.000155927, 6.118e-06, 658, 2092, 21
0.000353296, 0.000211687, 0.00013641, 4.085e-06, 649, 2084, 18
0.00049887, 0.000337444, 0.000157544, 4.413e-06, 650, 2196, 17
0.00023083, 0.000126676, 0.000103214, 4.983e-06, 672, 2116, 23
0.000857752, 0.000407605, 0.000446081, 1.7769e-05, 626, 2005, 16
0.000230715, 0.000129392, 0.000100632, 2.785e-06, 667, 2200, 13
0.000238836, 0.000147046, 9.0915e-05, 2.424e-06, 640, 2089, 10
0.000319566, 0.000188407, 0.000130083, 2.608e-06, 633, 2069, 11
0.000193945, 0.000117091, 7.6058e-05, 1.261e-06, 636, 1641, 6
0.000523863, 0.000278133, 0.000240095, 1.1045e-05, 639, 1701, 12
0.000325795, 0.000175704, 0.000148275, 3.571e-06, 638, 1754, 13
0.000312638, 0.000183627, 0.000128014, 2.816e-06, 632, 2123, 12
0.000409578, 0.000253127, 0.000155269, 5.228e-06, 618, 2448, 23
0.000488585, 0.000267458, 0.00021769, 5.555e-06, 616, 2321, 19
0.000488767, 0.000272423, 0.000214694, 3.1404e-05, 611, 2087, 19
0.000186407, 0.000104917, 8.0851e-05, 5.391e-06, 541, 1776, 20
0.000436, 0.000257346, 0.000176149, 4.491e-06, 542, 1625, 12
0.0846598, 0.000183378, 0.000155574, 4.659e-06, 514, 1382, 13
0.000232393, 0.000141487, 8.9815e-05, 3.285e-06, 498, 1363, 13
0.00013587, 7.8638e-05, 5.6247e-05, 2.414e-06, 482, 1349, 15
0.000188651, 0.000115721, 7.2084e-05, 2.328e-06, 438, 1176, 10
0.000201286, 0.000124389, 7.5889e-05, 2.857e-06, 438, 1112, 11
0.000128937, 8.9948e-05, 3.8029e-05, 8.02e-07, 444, 879, 3
0.000322445, 0.000175033, 0.000145663, 3.733e-06, 448, 1038, 5
0.000115468, 6.7857e-05, 4.7068e-05, 1.886e-06, 442, 977, 8
0.000119066, 6.2042e-05, 5.6117e-05, 2.353e-06, 452, 875, 9
0.000219913, 0.000135173, 8.3514e-05, 1.851e-06, 453, 959, 5
0.000143156, 9.628e-05, 4.5789e-05, 1.746e-06, 443, 744, 4
0.000162443, 0.000103929, 5.7607e-05, 2.851e-06, 446, 975, 7
0.000160244, 0.000101466, 5.8071e-05, 1.914e-06, 430, 768, 8
0.000104616, 6.2038e-05, 4.1638e-05, 1.944e-06, 404, 848, 10
0.000166671, 0.000106439, 5.9428e-05, 1.952e-06, 439, 899, 8
0.00017538, 0.00011326, 6.1059e-05, 1.677e-06, 442, 997, 6
0.000337604, 0.000197806, 0.000137846, 5.047e-06, 440, 914, 10
0.000185885, 0.000117054, 6.8009e-05, 2.473e-06, 446, 1011, 7
0.000182068, 0.00012092, 6.023e-05, 1.424e-06, 421, 931, 5
0.000107339, 6.3163e-05, 4.3342e-05, 1.467e-06, 454, 965, 7
0.000165631, 0.000104878, 5.9684e-05, 2.551e-06, 404, 970, 9
0.000155056, 9.8572e-05, 5.4121e-05, 1.197e-06, 348, 838, 4
0.000119234, 6.8976e-05, 4.9503e-05, 1.299e-06, 350, 1012, 5
0.000147582, 8.9535e-05, 5.7202e-05, 2.161e-06, 326, 914, 6
0.00023146, 0.000171001, 5.7444e-05, 1.918e-06, 330, 886, 9
0.000199912, 0.000122183, 7.682e-05, 2.315e-06, 308, 964, 7
0.000214184, 0.000123247, 8.9195e-05, 3.816e-06, 299, 932, 6
0.000158, 9.5885e-05, 6.1352e-05, 1.8e-06, 302, 887, 8
0.000130301, 8.6012e-05, 4.3131e-05, 1.036e-06, 389, 779, 4
0.000162359, 0.000105516, 5.5832e-05, 2.137e-06, 454, 882, 8
0.00015793, 9.3637e-05, 6.2884e-05, 1.431e-06, 450, 998, 5
0.000137202, 9.0649e-05, 4.4998e-05, 1.62e-06, 450, 912, 7
0.000225578, 0.000179287, 4.4909e-05, 2.142e-06, 454, 862, 4
0.000186436, 0.000117541, 6.6609e-05, 1.987e-06, 463, 1021, 7
0.000122276, 7.2681e-05, 4.8196e-05, 1.772e-06, 455, 899, 7
0.000116838, 7.0057e-05, 4.588e-05, 1.551e-06, 468, 982, 7
0.00030373, 0.000165904, 0.000134337, 5.943e-06, 451, 882, 10
0.000322055, 0.000149276, 0.000171516, 1.707e-06, 447, 841, 4
0.00016328, 0.000104979, 5.7059e-05, 1.157e-06, 437, 797, 4
0.000199137, 0.000127513, 7.0047e-05, 2.081e-06, 451, 925, 8
0.000254004, 8.4892e-05, 0.000167703, 1.0705e-05, 451, 747, 7
0.000219052, 0.000136026, 8.0778e-05, 3.232e-06, 445, 837, 5
0.000149252, 0.000100219, 4.8313e-05, 1.02e-06, 469, 792, 4
0.000142165, 7.5087e-05, 6.5955e-05, 2.029e-06, 464, 978, 8
0.00016419, 0.00010765, 5.4758e-05, 1.855e-06, 461, 773, 4
0.000106347, 6.4076e-05, 4.144e-05, 2.125e-06, 469, 908, 9
0.000126851, 8.0457e-05, 4.5435e-05, 1.761e-06, 459, 856, 7
0.000156629, 9.8463e-05, 5.7316e-05, 2.858e-06, 441, 836, 10
0.000289193, 0.000149258, 0.000138886, 2.41e-06, 451, 874, 7
0.000221891, 0.000147045, 7.2437e-05, 1.682e-06, 452, 906, 4
0.000168722, 0.000115982, 5.1273e-05, 1.219e-06, 433, 847, 4
0.000167387, 0.000107111, 5.9213e-05, 1.887e-06, 452, 922, 7
0.000179091, 0.000107375, 7.0616e-05, 2.469e-06, 445, 846, 11
0.000158112, 0.00010578, 5.0925e-05, 1.422e-06, 440, 847, 5
0.00017394, 0.000113007, 5.9951e-05, 1.648e-06, 453, 973, 6
0.000165293, 0.000105939, 5.8231e-05, 7.51e-07, 462, 848, 2
0.000190101, 0.000115984, 7.3312e-05, 3.267e-06, 460, 882, 6
0.000181929, 0.000113452, 6.7729e-05, 1.815e-06, 474, 881, 6
0.000180445, 0.000115953, 6.3509e-05, 1.417e-06, 458, 932, 5
9.4134e-05, 6.4457e-05, 2.8801e-05, 1.183e-06, 460, 667, 4
0.000181287, 0.000123685, 5.6528e-05, 1.832e-06, 467, 850, 7
0.000168845, 0.0001038, 6.3901e-05, 1.124e-06, 464, 841, 3
0.000130103, 7.4163e-05, 5.4693e-05, 7.5e-07, 476, 895, 2
0.000184274, 0.000121839, 6.0767e-05, 5.14e-07, 455, 956, 1
0.000108584, 7.0576e-05, 3.7282e-05, 1.057e-06, 460, 766, 4
0.000225454, 7.8431e-05, 0.000146047, 4.116e-06, 453, 790, 2
0.00046141, 0.000182185, 0.000271249, 4.733e-06, 439, 890, 5
0.000169325, 0.000107359, 6.1104e-05, 6.84e-07, 444, 855, 2
0.000140451, 9.5555e-05, 4.4073e-05, 1.021e-06, 418, 873, 4
0.000131915, 8.103e-05, 4.9458e-05, 1.723e-06, 440, 965, 5
0.000197148, 0.000139301, 5.6103e-05, 1.255e-06, 437, 950, 2
0.000212949, 0.000141132, 6.9553e-05, 1.171e-06, 440, 893, 2
0.000184826, 0.000130525, 5.1662e-05, 8.49e-07, 447, 935, 2
0.000154007, 0.000101643, 5.1396e-05, 8.09e-07, 436, 825, 2
0.000459875, 0.000170138, 0.000287492, 5.026e-06, 441, 845, 2
0.000199868, 0.000138675, 6.0152e-05, 1.175e-06, 455, 974, 4
9.4346e-05, 5.7703e-05, 3.5971e-05, 2.198e-06, 432, 768, 9
0.000173525, 0.000109355, 6.3201e-05, 9.42e-07, 440, 959, 3
0.000127084, 8.7603e-05, 3.8365e-05, 1.417e-06, 436, 796, 5
0.000284758, 0.000174476, 0.000107666, 3.38e-06, 458, 837, 3
0.000161785, 7.8408e-05, 8.0142e-05, 2.273e-06, 449, 949, 4
0.000276627, 0.000109975, 0.000164854, 7.228e-06, 458, 873, 3
0.000436222, 0.000257903, 0.000172612, 3.923e-06, 460, 814, 4
9.9925e-05, 6.1779e-05, 3.75e-05, 9.93e-07, 456, 871, 5
0.000121918, 7.075e-05, 4.995e-05, 1.815e-06, 457, 881, 5
0.000127134, 7.5452e-05, 5.0716e-05, 1.095e-06, 465, 959, 4
0.000171911, 0.000116308, 5.481e-05, 1.156e-06, 458, 920, 4
0.00013276, 8.4445e-05, 4.7798e-05, 2.383e-06, 471, 1006, 5
0.000299402, 0.000155054, 0.000143458, 6.247e-06, 446, 945, 7
0.000356681, 0.000284168, 7.0438e-05, 9.33e-07, 433, 1044, 3
0.000128982, 8.3999e-05, 4.366e-05, 1.092e-06, 440, 797, 4
0.000167569, 0.000106167, 6.0446e-05, 1.339e-06, 445, 967, 3
0.000238712, 0.000175405, 6.1471e-05, 1.077e-06, 454, 969, 3
0.000656843, 0.000418812, 0.0002328, 5.55e-06, 452, 1082, 4
0.000183174, 0.000114517, 6.7075e-05, 6.52e-07, 447, 896, 1
0.00027658, 0.000165661, 0.000109575, 1.772e-06, 437, 904, 5
0.000298647, 0.000187302, 0.000107381, 3.531e-06, 457, 873, 4
0.000160286, 0.000109058, 5.0438e-05, 6.89e-07, 440, 940, 2
0.000159159, 0.000105445, 5.2545e-05, 1.493e-06, 435, 864, 6
0.000131726, 8.7242e-05, 4.3668e-05, 1.311e-06, 438, 908, 4
0.000110332, 7.1083e-05, 3.8405e-05, 1.404e-06, 422, 906, 6
0.000101283, 6.1693e-05, 3.8695e-05, 2.242e-06, 433, 910, 9
0.000229251, 0.000153121, 7.512e-05, 2.402e-06, 446, 1209, 7
0.000248279, 0.00015512, 9.1819e-05, 2.981e-06, 429, 893, 9
0.000253404, 0.000139306, 0.000112563, 4.019e-06, 424, 1012, 12
0.000407292, 0.000220812, 0.000181926, 4.644e-06, 437, 1004, 8
0.000551013, 0.000337951, 0.000208845, 5.068e-06, 441, 1151, 5
0.000414015, 0.000130861, 0.000281126, 6.474e-06, 443, 1053, 10
0.000204422, 0.000119913, 8.3341e-05, 2.827e-06, 436, 980, 7
0.000265341, 0.000128701, 0.000135912, 1.557e-06, 448, 1018, 4
0.000110221, 6.937e-05, 3.974e-05, 6.8e-07, 441, 921, 2
0.00028306, 0.000177302, 0.000102849, 3.226e-06, 460, 1094, 5
0.000334348, 0.000209595, 0.000121612, 6.16e-07, 450, 953, 2
0.000248895, 0.000149369, 9.8369e-05, 1.813e-06, 447, 1052, 4
0.000119878, 7.7587e-05, 4.1411e-05, 9.32e-07, 445, 912, 3
0.000228743, 0.000138265, 8.9371e-05, 1.837e-06, 434, 894, 5
0.000256213, 0.000171196, 8.2164e-05, 1.613e-06, 445, 1061, 5
0.000240437, 0.000137714, 0.000100766, 5.45e-06, 440, 1023, 2
0.000146649, 9.3484e-05, 5.2345e-05, 1.186e-06, 442, 1075, 4
0.000374423, 0.000219814, 0.000150062, 4.283e-06, 444, 1076, 5
0.000503357, 0.000273355, 0.000227877, 6.795e-06, 451, 1037, 9
0.000284178, 0.000158758, 0.000120812, 4.285e-06, 453, 985, 6
0.000176291, 0.000114858, 6.0298e-05, 2.031e-06, 450, 921, 5
0.000223257, 0.000132851, 8.8788e-05, 2.073e-06, 440, 915, 3
0.000520889, 0.000239684, 0.000277974, 5.25e-06, 438, 1173, 7
0.000154983, 0.000104872, 4.8694e-05, 8.72e-07, 430, 853, 3
0.000190634, 0.000120402, 6.8641e-05, 1.533e-06, 454, 1136, 6
0.000297762, 0.000179511, 0.000115607, 1.48e-06, 434, 846, 3
0.000192929, 0.000120471, 7.1466e-05, 1.03e-06, 448, 1053, 3
0.000419776, 0.000227364, 0.000190522, 5.865e-06, 433, 923, 5
0.000293919, 0.000160187, 0.000131784, 3.511e-06, 443, 1059, 5
0.000484977, 0.000324867, 0.000158105, 3.474e-06, 446, 962, 4
0.000161737, 0.000106839, 5.3989e-05, 1.476e-06, 442, 871, 5
0.000161571, 0.000107104, 5.3383e-05, 6.88e-07, 459, 914, 2
0.00018564, 0.000118328, 6.5966e-05, 2.179e-06, 459, 957, 8
0.000136681, 8.8571e-05, 4.7074e-05, 1.624e-06, 461, 917, 6
0.000123687, 7.8321e-05, 4.4433e-05, 7.1e-07, 450, 1003, 3
0.000252755, 0.00015346, 9.7481e-05, 1.408e-06, 461, 933, 2
0.000256112, 0.000152472, 0.000102063, 3.52e-06, 455, 1016, 9
0.000260206, 0.000144736, 0.000113758, 2.526e-06, 431, 912, 4
0.000274831, 0.000155752, 0.000117509, 2.402e-06, 459, 1022, 4
0.00032712, 0.000181063, 0.000144217, 1.654e-06, 444, 905, 3
0.000214552, 0.000121508, 9.1722e-05, 2.502e-06, 461, 919, 3
0.000140943, 7.2537e-05, 6.7717e-05, 1.098e-06, 468, 812, 3
0.000305839, 0.000178081, 0.00012595, 1.73e-06, 483, 899, 4
0.000224408, 0.000132548, 9.0773e-05, 2.11e-06, 470, 899, 4
0.000191181, 0.000123175, 6.7138e-05, 1.895e-06, 484, 948, 7
0.000671066, 0.000377188, 0.000291512, 8.606e-06, 462, 1002, 4
0.000255883, 0.000216116, 3.8525e-05, 3.99e-07, 467, 942, 1
0.000119307, 7.4339e-05, 4.425e-05, 1.248e-06, 464, 1127, 5
0.000154723, 9.6796e-05, 5.6552e-05, 1.157e-06, 462, 935, 3
0.000125423, 8.1939e-05, 4.2728e-05, 5.53e-07, 481, 1038, 2
0.000279336, 0.000176215, 0.000101928, 1.826e-06, 472, 1078, 5
0.000127938, 8.8301e-05, 3.8585e-05, 3.46e-07, 459, 1009, 1
0.000226582, 0.000150848, 7.389e-05, 1.523e-06, 468, 1077, 4
0.000321454, 0.000149943, 0.000170319, 2.887e-06, 473, 982, 3
0.000407541, 0.000216854, 0.000189227, 2.722e-06, 473, 940, 3
0.000136685, 8.1159e-05, 5.4923e-05, 2.144e-06, 484, 1056, 7
0.000295838, 0.000181514, 0.000112746, 2.101e-06, 477, 1111, 4
0.000159314, 9.8304e-05, 5.9805e-05, 1.971e-06, 483, 988, 7
0.000641724, 0.000333091, 0.00030312, 1.2164e-05, 507, 1233, 7
0.000361719, 0.000141656, 0.000217927, 4.413e-06, 486, 974, 3
0.00024837, 0.000126756, 0.000120565, 4.224e-06, 485, 981, 6
0.000338253, 0.000189722, 0.000147352, 5.875e-06, 478, 1107, 2
0.000622492, 0.000353004, 0.000264996, 7.565e-06, 473, 1041, 8
0.000490012, 0.000321792, 0.000159839, 3.166e-06, 459, 1069, 4
0.000140309, 8.3866e-05, 5.4539e-05, 1.652e-06, 469, 945, 7
0.000400002, 0.000215794, 0.000182512, 5.189e-06, 459, 1110, 6
0.000215444, 0.000145709, 6.7813e-05, 8.49e-07, 468, 1019, 3
0.000122349, 7.9375e-05, 4.1949e-05, 9.53e-07, 470, 1072, 4
0.000294792, 0.000221898, 6.9361e-05, 1.772e-06, 467, 994, 5
0.000141598, 8.6789e-05, 5.3967e-05, 2.142e-06, 475, 1122, 8
0.000407797, 0.000131592, 0.000274891, 2.678e-06, 487, 1149, 2
0.000269354, 0.000199666, 6.6029e-05, 1.501e-06, 467, 960, 5
0.000161636, 0.000107133, 5.3434e-05, 2.238e-06, 460, 1128, 10
0.000148238, 9.1048e-05, 5.6265e-05, 2.073e-06, 477, 1023, 5
0.000303195, 0.0001738, 0.00012808, 2.861e-06, 462, 1158, 5
0.000289452, 0.00019509, 9.2083e-05, 1.886e-06, 475, 934, 2
0.000950336, 0.000505389, 0.00043307, 4.911e-06, 466, 1110, 2
0.000747539, 0.000367919, 0.000375472, 4.836e-06, 464, 1060, 4
0.000346621, 0.000177571, 0.000165126, 6.079e-06, 472, 1041, 7
0.000198205, 0.000124384, 7.3041e-05, 2.033e-06, 490, 1068, 6
0.000204883, 0.000130788, 7.1821e-05, 1.715e-06, 489, 1131, 3
0.000103372, 6.6568e-05, 3.6028e-05, 7.32e-07, 491, 912, 2
0.000238411, 0.000164176, 7.0111e-05, 1.602e-06, 486, 1072, 6
0.000181962, 0.000121105, 5.962e-05, 8.27e-07, 505, 1068, 2
0.00020325, 0.000128757, 7.2712e-05, 1.62e-06, 479, 1108, 5
0.000500177, 0.00037205, 0.000124156, 2.068e-06, 496, 1298, 4
0.000371546, 0.000282539, 8.2275e-05, 1.845e-06, 486, 1058, 4
0.000571015, 0.000323321, 0.000240416, 6.688e-06, 468, 958, 5
0.000182951, 0.000122111, 5.9986e-05, 1.007e-06, 468, 1003, 3
0.000184638, 0.000118762, 6.4883e-05, 1.834e-06, 467, 1026, 3
0.000985029, 0.000490608, 0.000488468, 1.1546e-05, 494, 1030, 5
0.00108739, 0.000547178, 0.000532246, 9.56e-06, 485, 1359, 5
0.00113842, 0.000632092, 0.000501796, 6.365e-06, 490, 1078, 3
0.000126479, 8.6762e-05, 3.8815e-05, 6.47e-07, 480, 1102, 2
0.000276213, 0.000166814, 0.000107555, 1.69e-06, 501, 1178, 4
0.000462714, 0.000179471, 0.000281288, 1.075e-06, 488, 1038, 1
0.000367465, 0.000207187, 0.000157512, 4.319e-06, 481, 1126, 7
0.000947499, 0.00050686, 0.000431611, 6.494e-06, 474, 1004, 4
0.000226874, 0.000147323, 7.8439e-05, 1.348e-06, 477, 1034, 5
0.000141378, 9.5148e-05, 4.5362e-05, 5.74e-07, 472, 1089, 2
0.000118198, 7.9949e-05, 3.7303e-05, 3.91e-07, 467, 1070, 1
0.000135908, 9.1287e-05, 4.3777e-05, 1.928e-06, 463, 1052, 5
0.000313437, 0.000192485, 0.000119487, 3.874e-06, 460, 1116, 6
0.000200196, 0.000121648, 7.7454e-05, 7.99e-07, 473, 981, 2
0.000209122, 0.00014332, 6.4443e-05, 1.502e-06, 458, 1120, 3
0.000260728, 0.000157775, 0.000100377, 1.837e-06, 415, 996, 3
0.00036919, 0.000213434, 0.000153175, 1.547e-06, 459, 910, 1
0.000175942, 0.000106055, 6.8471e-05, 2.521e-06, 488, 945, 7
0.000438008, 0.000312595, 0.000122076, 3.579e-06, 496, 1140, 5
0.000215043, 0.000157233, 5.6431e-05, 7.54e-07, 490, 1111, 3
0.000103487, 6.9633e-05, 3.3217e-05, 3.31e-07, 471, 900, 1
0.000340153, 0.000229751, 0.000108726, 1.16e-06, 496, 1230, 3
0.000758589, 0.000359416, 0.000396024, 6.987e-06, 478, 1046, 4
0.000125545, 8.1051e-05, 4.3614e-05, 8.61e-07, 477, 1092, 3
0.000186555, 0.00011783, 6.7901e-05, 1.849e-06, 466, 1051, 5
0.00027959, 0.000239634, 3.8804e-05, 8.34e-07, 452, 1036, 2
0.000141142, 8.6724e-05, 5.3515e-05, 1.503e-06, 463, 1058, 5
0.000327794, 0.000190257, 0.000134159, 3.204e-06, 454, 1032, 5
0.000438642, 0.000167871, 0.000266977, 5.236e-06, 470, 1043, 6
0.000131758, 8.3547e-05, 4.7282e-05, 1.419e-06, 474, 1050, 6
0.000213787, 0.00011961, 9.1958e-05, 2.463e-06, 473, 1053, 5
0.000189219, 0.00012347, 6.4754e-05, 1.662e-06, 473, 1029, 6
0.000111272, 7.0178e-05, 4.0397e-05, 1.567e-06, 443, 1057, 6
0.000309869, 0.00016272, 0.00014416, 2.574e-06, 459, 1088, 5
0.000106036, 6.6804e-05, 3.847e-05, 5.87e-07, 458, 1046, 2
0.000304633, 0.000166107, 0.000133998, 3.698e-06, 458, 916, 4
0.000204595, 0.000128901, 7.4769e-05, 1.418e-06, 475, 1311, 6
0.000135227, 8.1759e-05, 5.1951e-05, 1.616e-06, 471, 1042, 5
0.000305279, 0.000195388, 0.000105407, 0, 455, 1040, 0
0.000207181, 0.000129975, 7.6281e-05, 1.754e-06, 484, 1133, 6
0.000203613, 0.000130208, 7.2262e-05, 1.212e-06, 461, 1129, 4
0.00022639, 0.000133176, 9.1602e-05, 6.287e-06, 468, 806, 3
0.000356119, 0.000218723, 0.000135308, 3.371e-06, 468, 1168, 8
0.000189786, 0.000104283, 8.4238e-05, 1.492e-06, 463, 912, 3
0.000151017, 0.00010833, 4.1316e-05, 7.29e-07, 467, 947, 2
0.000187949, 0.000120348, 6.6653e-05, 3.225e-06, 470, 959, 7
0.000229043, 0.000127345, 0.000100952, 4.105e-06, 476, 1084, 14
0.000122228, 7.6074e-05, 4.5188e-05, 1.954e-06, 466, 1075, 7
0.000191778, 0.000110749, 7.8853e-05, 3.341e-06, 464, 875, 6
0.000265128, 0.000148981, 0.000114957, 2.246e-06, 476, 976, 5
0.000174552, 0.000112395, 6.1067e-05, 2.565e-06, 492, 1032, 8
0.000298345, 0.000175179, 0.000121891, 2.894e-06, 481, 1083, 5
0.000185517, 0.000119231, 6.5436e-05, 2.152e-06, 487, 949, 5
0.000367463, 0.000215764, 0.00014568, 3.083e-06, 465, 873, 2
0.000211186, 0.000140073, 7.02e-05, 1.397e-06, 462, 850, 4
0.000412854, 0.00028203, 0.000124452, 1.241e-06, 462, 718, 1
9.0593e-05, 6.0792e-05, 2.8681e-05, 3.76e-07, 456, 645, 1
9.5011e-05, 5.914e-05, 3.499e-05, 1.771e-06, 461, 788, 6
0.000207508, 0.000127497, 7.8299e-05, 0, 460, 642, 0
0.00010613, 6.5095e-05, 4.015e-05, 2.087e-06, 469, 634, 7
0.000361056, 0.000211057, 0.000145796, 6.393e-06, 456, 554, 11
0.000164317, 0.000101468, 5.9578e-05, 3.769e-06, 466, 469, 7
7.4351e-05, 5.1237e-05, 2.2369e-05, 1.241e-06, 444, 343, 5
9.5243e-05, 6.6215e-05, 2.7705e-05, 1.066e-06, 410, 265, 3
7.5302e-05, 4.9777e-05, 2.4558e-05, 1.439e-06, 423, 419, 6
0.000171382, 0.000110479, 5.8725e-05, 0, 419, 323, 0
0.000188613, 0.000106879, 7.9263e-05, 3.266e-06, 407, 358, 5
0.000513926, 0.000307093, 0.000200656, 7.344e-06, 401, 367, 3
0.000240396, 0.000107598, 0.00013154, 8.48e-06, 417, 416, 5
0.000264606, 0.000110512, 0.00014088, 3.551e-06, 420, 356, 2
7.6906e-05, 5.0543e-05, 2.3716e-05, 1.464e-06, 426, 362, 5
0.000158847, 0.000107818, 4.9863e-05, 9.54e-07, 425, 439, 3
0.000163323, 0.000100621, 6.1129e-05, 8.5e-07, 412, 396, 3
0.000236647, 0.000136832, 9.2994e-05, 1.842e-06, 397, 349, 3
0.000172792, 0.000103483, 6.7581e-05, 2.337e-06, 406, 387, 5
0.000134219, 6.7845e-05, 6.4963e-05, 2.809e-06, 399, 273, 4
0.000122526, 6.9683e-05, 5.0953e-05, 2.216e-06, 395, 431, 7
0.000144502, 9.3281e-05, 4.8277e-05, 9.73e-07, 403, 348, 2
0.000127206, 0.000106011, 1.9818e-05, 1.01e-06, 410, 326, 3
7.3005e-05, 4.7995e-05, 2.4196e-05, 1.585e-06, 411, 377, 4
0.000142776, 9.9559e-05, 4.2257e-05, 1.173e-06, 406, 362, 3
0.000131215, 9.805e-05, 3.1657e-05, 0, 403, 404, 0
0.000202214, 0.000141025, 5.9214e-05, 1.339e-06, 414, 425, 2
0.000157752, 9.371e-05, 6.2286e-05, 1.482e-06, 391, 408, 2
5.3628e-05, 3.8252e-05, 1.3846e-05, 3.25e-07, 391, 276, 1
0.000226924, 9.8922e-05, 0.000127123, 2.219e-06, 411, 425, 1
0.00011697, 6.64e-05, 4.8669e-05, 1.53e-06, 383, 395, 3
0.000121871, 8.168e-05, 3.9237e-05, 1.697e-06, 402, 528, 4
0.000244582, 0.000129184, 0.000112044, 3.242e-06, 409, 455, 4
0.000184015, 0.000106448, 7.5125e-05, 3.293e-06, 413, 419, 4
9.269e-05, 5.7722e-05, 3.3817e-05, 1.262e-06, 412, 305, 2
0.000429402, 0.00024905, 0.000176811, 5.304e-06, 409, 391, 2
0.000154378, 0.000114448, 3.8183e-05, 1.653e-06, 430, 440, 5
0.000105566, 7.2632e-05, 3.1961e-05, 8.01e-07, 430, 472, 2
7.4654e-05, 5.072e-05, 2.3119e-05, 1.183e-06, 427, 430, 5
0.000144151, 9.3507e-05, 4.8868e-05, 6.96e-07, 405, 347, 1
0.000143412, 0.000101404, 3.7989e-05, 1.142e-06, 403, 430, 3
0.000233013, 0.000157553, 6.7043e-05, 1.157e-06, 406, 362, 2
0.000121178, 8.3248e-05, 3.6895e-05, 1.068e-06, 400, 511, 3
0.000203233, 0.000134446, 6.0909e-05, 0, 396, 345, 0
0.000203092, 0.000135454, 6.601e-05, 1.98e-06, 411, 392, 2
0.000128208, 7.8829e-05, 4.6224e-05, 5.94e-07, 406, 414, 2
9.3207e-05, 6.6177e-05, 2.5491e-05, 1.205e-06, 417, 339, 3
0.00012237, 7.3374e-05, 4.8018e-05, 1.695e-06, 402, 321, 4
0.000122035, 8.2593e-05, 3.7359e-05, 1.593e-06, 415, 393, 5
0.000248578, 0.000225517, 2.177e-05, 0, 401, 398, 0
0.000115665, 7.982e-05, 3.4342e-05, 1.121e-06, 404, 336, 1
0.000203577, 0.00013177, 6.8901e-05, 6.77e-07, 412, 475, 1
7.1097e-05, 4.7024e-05, 2.3292e-05, 6.25e-07, 397, 386, 2
0.000125674, 9.0147e-05, 3.4299e-05, 1.216e-06, 409, 436, 4
7.3712e-05, 4.8222e-05, 2.4651e-05, 7.17e-07, 397, 450, 2
0.000148961, 9.6224e-05, 5.1027e-05, 7.59e-07, 395, 317, 1
0.000124863, 8.0635e-05, 4.1265e-05, 4.5e-07, 399, 512, 1
6.9547e-05, 5.0705e-05, 1.79e-05, 0, 407, 312, 0
0.000163212, 9.3958e-05, 6.8233e-05, 7.88e-07, 392, 451, 1
0.000296579, 0.000133052, 0.00016074, 0, 405, 448, 0
0.000140805, 8.5921e-05, 5.3473e-05, 8.43e-07, 408, 386, 2
0.000175318, 0.00012797, 4.5137e-05, 1.117e-06, 418, 430, 3
0.000100013, 7.1387e-05, 2.7772e-05, 0, 402, 379, 0
0.00010925, 7.2249e-05, 3.555e-05, 2.28e-06, 340, 228, 2
4.3871e-05, 3.2188e-05, 1.0955e-05, 4.46e-07, 381, 231, 1
0.00021627, 7.6588e-05, 0.000138493, 6.91e-07, 401, 212, 1
0.000145232, 0.000103601, 3.7963e-05, 0, 388, 214, 0
6.6204e-05, 4.8572e-05, 1.6417e-05, 5.18e-07, 373, 195, 1
0.000125306, 8.4826e-05, 3.9108e-05, 1.12e-06, 383, 280, 1
0.000375754, 0.000262802, 0.000109718, 2.592e-06, 383, 383, 1
7.5985e-05, 5.604e-05, 1.7691e-05, 0, 385, 238, 0
0.000112677, 7.8725e-05, 3.0393e-05, 0, 388, 226, 0
0.000149485, 0.000107877, 3.9109e-05, 1.118e-06, 423, 209, 2
0.000176307, 8.4458e-05, 8.8903e-05, 3.198e-06, 417, 222, 3
8.2465e-05, 6.0628e-05, 2.0769e-05, 1.024e-06, 432, 260, 3
0.000108038, 7.1053e-05, 3.4795e-05, 0, 427, 254, 0
9.6085e-05, 7.0784e-05, 2.4056e-05, 0, 415, 355, 0
0.000244564, 0.000130151, 0.000111791, 2.151e-06, 443, 886, 4
0.000125536, 8.2089e-05, 4.1831e-05, 8.09e-07, 445, 1077, 2
0.000278364, 0.000182825, 9.2502e-05, 2.506e-06, 452, 983, 4
0.000263887, 0.000159412, 0.000101961, 2.836e-06, 462, 933, 4
0.000127305, 8.0468e-05, 4.6049e-05, 1.749e-06, 496, 1121, 7
0.000224995, 0.000139566, 8.1e-05, 2.093e-06, 465, 1033, 5
0.000258765, 0.000151078, 0.000104718, 1.521e-06, 467, 965, 2
0.000113577, 7.4093e-05, 3.8315e-05, 1.511e-06, 478, 894, 5
0.000278674, 0.000172513, 0.000103991, 2.985e-06, 488, 853, 4
0.000118783, 7.2384e-05, 4.5522e-05, 1.685e-06, 499, 958, 6
9.5822e-05, 6.147e-05, 3.3688e-05, 1.01e-06, 504, 881, 4
0.000227123, 0.00015136, 7.136e-05, 1.95e-06, 532, 1139, 8
0.000143973, 9.1734e-05, 5.1724e-05, 2.593e-06, 554, 1329, 6
0.000246171, 0.000140746, 0.000104574, 1.738e-06, 559, 1305, 5
0.00043032, 0.000270567, 0.000157227, 2.874e-06, 563, 1432, 7
0.000279019, 0.000150884, 0.000126888, 3.118e-06, 568, 1451, 11
0.0865739, 0.000154003, 9.8948e-05, 3.193e-06, 574, 1737, 14
0.000407008, 0.000241897, 0.000162984, 7.115e-06, 611, 1632, 14
0.000147262, 8.763e-05, 5.8995e-05, 2.162e-06, 571, 1529, 11
0.000354231, 0.000239255, 0.000109615, 2.409e-06, 597, 1638, 10
0.000291177, 0.000163326, 0.000124468, 2.682e-06, 598, 1714, 8
0.000264261, 0.000167668, 9.3488e-05, 2.407e-06, 621, 1499, 8
0.000425949, 0.000199997, 0.000224752, 5.898e-06, 604, 1548, 7
0.000364714, 0.00022626, 0.000137359, 2.833e-06, 596, 1396, 6
0.000398704, 0.00020812, 0.000187526, 2.686e-06, 596, 1434, 5
0.00020886, 0.000123953, 8.3748e-05, 2.819e-06, 581, 1129, 9
0.00027812, 0.000128528, 0.000146773, 5.683e-06, 579, 1218, 9
0.000287079, 0.00017959, 0.000105091, 2.464e-06, 564, 1057, 6
0.000312969, 0.000149538, 0.000160636, 2.513e-06, 567, 1090, 5
0.000158731, 0.000107699, 5.0281e-05, 2.033e-06, 557, 991, 7
0.000163744, 9.1328e-05, 7.1363e-05, 2.055e-06, 558, 1128, 6
0.00056766, 0.000231713, 0.000333102, 6.997e-06, 557, 1047, 5
0.000127044, 7.9157e-05, 4.7326e-05, 1.858e-06, 573, 1041, 5
0.000278105, 0.000186023, 8.9838e-05, 2.402e-06, 566, 1302, 10
0.000200257, 0.000106784, 9.1981e-05, 2.412e-06, 570, 1046, 7
0.000155844, 0.000103508, 5.0845e-05, 1.407e-06, 570, 1172, 4
0.000180552, 0.00012259, 5.6125e-05, 1.371e-06, 585, 950, 3
0.000240637, 0.000159682, 7.9148e-05, 1.908e-06, 577, 1093, 8
0.000218307, 0.000123861, 9.297e-05, 1.923e-06, 589, 976, 6
0.00027729, 0.000157521, 0.000117972, 1.677e-06, 573, 876, 1
0.000185633, 0.00012258, 6.1967e-05, 1.013e-06, 575, 1015, 3
0.000409136, 0.000198619, 0.000207584, 3.986e-06, 579, 1427, 5
0.000241562, 0.00014933, 9.1006e-05, 2.218e-06, 578, 1337, 7
0.000648022, 0.000304549, 0.000341572, 4.633e-06, 576, 1305, 3
0.000232634, 0.00014856, 8.2909e-05, 1.864e-06, 596, 1423, 7
0.00036584, 0.000166071, 0.0001974, 2.908e-06, 559, 1341, 1
0.000384187, 0.000260277, 0.000121102, 1.5313e-05, 567, 1352, 8
0.000333616, 0.000191194, 0.000139933, 1.353e-06, 583, 1431, 3
0.000307552, 0.000221074, 8.4048e-05, 2.799e-06, 587, 1356, 8
0.000563577, 0.000415253, 0.000142934, 2.33e-06, 583, 1672, 3
0.000182325, 0.000115493, 6.5643e-05, 1.212e-06, 594, 1497, 5
0.000301017, 0.000167592, 0.000131884, 1.923e-06, 590, 1524, 8
0.000163814, 9.7073e-05, 6.6125e-05, 2.239e-06, 592, 1483, 11
0.000230284, 0.000141933, 8.7103e-05, 1.549e-06, 610, 1673, 4
0.000479163, 0.000226724, 0.000246803, 5.948e-06, 607, 1678, 12
0.000355842, 0.000273729, 7.9014e-05, 2.075e-06, 642, 2049, 7
0.00103569, 0.000513952, 0.000513904, 3.869e-06, 633, 1795, 2
0.000536971, 0.000332577, 0.000201005, 9.775e-06, 648, 1982, 13
0.000389061, 0.000207945, 0.000179682, 3.424e-06, 675, 2288, 13
0.000347694, 0.000200168, 0.000145762, 4.32e-06, 652, 1547, 13
0.000168927, 9.8156e-05, 7.0024e-05, 3e-06, 645, 1525, 9
0.00025457, 0.000153416, 0.000100138, 2.795e-06, 645, 1595, 12
0.000500085, 0.000269594, 0.000227522, 5.681e-06, 648, 1477, 10
0.000497467, 0.000197755, 0.000298335, 5.288e-06, 629, 1537, 13
0.000570758, 0.000203899, 0.000365318, 5.193e-06, 644, 1609, 9
0.000415201, 0.000177398, 0.000235185, 9.272e-06, 645, 1869, 13
0.00117398, 0.000408089, 0.000754343, 1.3915e-05, 656, 1852, 9
0.000399662, 0.000275645, 0.000123137, 3.349e-06, 640, 1738, 9
0.000401298, 0.000238228, 0.000161362, 3.127e-06, 679, 2237, 12
0.000826456, 0.000261631, 0.000562527, 6.913e-06, 653, 1685, 7
0.00019349, 0.000112885, 7.9855e-05, 2.543e-06, 652, 1788, 9
0.000352536, 0.000207554, 0.000142756, 1.309e-06, 665, 1738, 4
0.0346113, 0.000145852, 7.9437e-05, 1.922e-06, 649, 1679, 8
0.000306079, 0.000174792, 0.000129917, 3.351e-06, 663, 1755, 11
0.000185317, 0.00010898, 7.5461e-05, 2.204e-06, 648, 1818, 7
0.000285437, 0.000168247, 0.000116236, 3.056e-06, 666, 1736, 13
0.000314601, 0.000181847, 0.00013136, 4.335e-06, 670, 2222, 11
0.000535011, 0.000280378, 0.000252147, 5.17e-06, 675, 1871, 9
0.00075028, 0.000301246, 0.000445598, 6.7e-06, 647, 1723, 11
0.000260437, 0.000150298, 0.000108967, 1.78e-06, 639, 1503, 6
0.000214221, 0.000119449, 9.3832e-05, 2.865e-06, 625, 1354, 11
0.000241174, 0.000137762, 0.000102223, 2.511e-06, 637, 1437, 10
0.00111089, 0.000589057, 0.000519884, 1.1028e-05, 634, 1472, 7
0.0387071, 0.000344329, 0.000132077, 4.232e-06, 628, 1496, 13
0.000424312, 0.000182873, 0.000238906, 6.935e-06, 641, 1607, 11
0.000192749, 0.00010408, 8.785e-05, 3.469e-06, 650, 1731, 14
0.000280323, 0.000139847, 0.000139589, 3.74e-06, 630, 1434, 12
0.000362623, 0.000173628, 0.000187521, 5.437e-06, 632, 1331, 14
0.000570725, 0.00034562, 0.000219633, 2.3047e-05, 655, 1340, 11
0.000230734, 0.000128354, 0.000100745, 2.17e-06, 652, 1142, 6
0.000122083, 7.4688e-05, 4.6578e-05, 1.478e-06, 634, 622, 3
0.000932255, 0.000401009, 0.000522997, 1.0945e-05, 613, 624, 6
8.7859e-05, 5.7999e-05, 2.8819e-05, 3.57e-07, 582, 443, 1
0.000141355, 9.1087e-05, 4.9397e-05, 6.84e-07, 598, 508, 2
0.000193702, 8.8555e-05, 0.000103666, 2.884e-06, 621, 623, 4
0.000822596, 0.000401376, 0.000415811, 8.835e-06, 618, 691, 5
0.025267, 0.000113219, 8.4987e-05, 3.134e-06, 628, 663, 5
0.000352798, 0.000189231, 0.000162134, 2.073e-06, 649, 1071, 5
0.000464939, 0.000252551, 0.000209779, 4.865e-06, 702, 1425, 9
0.00141871, 0.000881656, 0.000525984, 1.0818e-05, 703, 1710, 12
0.000320201, 0.000185058, 0.000133365, 2.144e-06, 718, 1775, 8
0.000310464, 0.000164156, 0.000145176, 3.441e-06, 717, 1691, 9
0.000345498, 0.000180551, 0.000164145, 2.162e-06, 707, 1643, 7
0.000261495, 0.000158958, 0.00010054, 1.273e-06, 719, 1309, 3
0.000903822, 0.000483437, 0.000414902, 7.22e-06, 688, 1184, 8
0.000441133, 0.000225475, 0.000212977, 2.06e-06, 683, 1181, 5
0.000209921, 0.000134731, 7.4368e-05, 2.579e-06, 703, 1149, 9
0.00027724, 0.00013491, 0.000140716, 5.28e-06, 721, 1279, 14
0.00014079, 8.3233e-05, 5.654e-05, 1.328e-06, 732, 1057, 5
0.00218974, 9.3324e-05, 6.5726e-05, 2.742e-06, 748, 1291, 14
0.000296951, 0.000155747, 0.00013983, 4.208e-06, 737, 1255, 9
0.000454769, 0.000246876, 0.00020546, 5.9e-06, 757, 1504, 12
0.0012158, 0.000685704, 0.000527652, 9.249e-06, 752, 1220, 6
0.00031283, 0.000164074, 0.00014725, 5.364e-06, 766, 1521, 14
0.000252645, 0.000135781, 0.000114987, 3.262e-06, 748, 1376, 12
0.000342183, 0.000174501, 0.000166026, 6.193e-06, 735, 1504, 13
0.000358427, 0.000229564, 0.000124975, 3.254e-06, 733, 1437, 10
0.000340204, 0.000177269, 0.000161108, 4.427e-06, 736, 1545, 11
0.000337045, 0.000187396, 0.000148077, 4.006e-06, 749, 1529, 7
0.00037983, 0.000189532, 0.000188413, 3.166e-06, 742, 1518, 5
0.000218211, 0.000118325, 9.9066e-05, 2.327e-06, 761, 1694, 10
0.000565222, 0.000236581, 0.000326371, 2.972e-06, 749, 1507, 8
0.000241411, 0.00013364, 0.000106976, 2.606e-06, 752, 1565, 10
0.00048449, 0.000241962, 0.000240228, 2.852e-06, 739, 1721, 8
0.000306822, 0.000181805, 0.000123354, 4.674e-06, 741, 1492, 13
0.000296617, 0.000156495, 0.000139066, 2.833e-06, 738, 1513, 8
0.000171172, 0.000108, 6.1676e-05, 2.085e-06, 738, 1325, 6
0.00027497, 0.000165769, 0.00010804, 1.178e-06, 734, 1460, 4
0.000245583, 0.000146162, 9.775e-05, 2.126e-06, 735, 1180, 8
0.000257636, 0.000150773, 0.000105645, 2.968e-06, 728, 1035, 6
0.000252198, 0.000139778, 0.000111093, 4.39e-06, 734, 1812, 16
0.000194005, 0.000110382, 8.2638e-05, 3.504e-06, 716, 1379, 13
0.000258844, 0.000145777, 0.00011177, 1.328e-06, 704, 1236, 5
0.000269819, 0.000155936, 0.000112199, 3.211e-06, 705, 1367, 8
0.000936195, 0.000643899, 0.000288394, 1.0539e-05, 671, 1152, 8
0.000229158, 0.000132085, 9.5939e-05, 3.003e-06, 672, 897, 8
0.000276113, 0.000166516, 0.000108687, 2.371e-06, 698, 1489, 9
0.000786758, 0.000281459, 0.000502659, 1.627e-05, 685, 1852, 18
0.00113709, 0.000558207, 0.00057466, 1.9227e-05, 698, 1902, 13
0.000335528, 0.000162026, 0.000172147, 3.644e-06, 683, 2094, 11
0.000319017, 0.00018723, 0.000130638, 4.769e-06, 680, 2165, 21
0.000536857, 0.000288995, 0.000245328, 6.856e-06, 673, 2069, 15
0.000441075, 0.000254074, 0.000186, 5.142e-06, 661, 1824, 19
0.000300161, 0.000148021, 0.000150582, 4.94e-06, 608, 1294, 7
0.000441376, 0.00018174, 0.000256576, 9.623e-06, 576, 811, 10
0.000235785, 0.000151723, 8.2459e-05, 1.819e-06, 584, 955, 8
0.000196904, 0.000118763, 7.2748e-05, 2.329e-06, 565, 951, 7
0.000144909, 9.0806e-05, 5.3138e-05, 2.5e-06, 583, 1001, 9
0.000225015, 0.000122774, 0.000100563, 3.903e-06, 602, 1070, 13
0.000224443, 0.000127586, 9.5964e-05, 3.474e-06, 587, 1194, 15
0.000196327, 0.000113821, 8.1231e-05, 3.174e-06, 602, 1587, 10
0.000602526, 0.000336863, 0.000260773, 3.497e-06, 579, 1484, 7
0.000539828, 0.000304749, 0.000227346, 8.412e-06, 590, 1453, 14
0.000347888, 0.000228617, 0.000117761, 3.523e-06, 593, 1377, 13
0.00057326, 0.000392142, 0.000176131, 7.35e-06, 588, 1440, 15
0.000408747, 0.000235655, 0.000170488, 4.627e-06, 571, 1133, 11
0.000203909, 0.00012831, 7.4756e-05, 1.753e-06, 587, 1378, 8
0.000134993, 7.8797e-05, 5.5028e-05, 2.203e-06, 576, 1244, 11
0.000147128, 8.6403e-05, 5.8707e-05, 3.205e-06, 593, 1207, 14
0.000385368, 0.00024774, 0.000134282, 4.168e-06, 585, 1479, 17
0.000373407, 0.000225105, 0.000146536, 4.049e-06, 601, 1148, 11
0.000276533, 0.00015918, 0.000115811, 2.533e-06, 598, 1345, 7
0.000300824, 0.000167011, 0.000132522, 1.0968e-05, 600, 1339, 16
0.000170632, 0.000100681, 6.8892e-05, 1.753e-06, 609, 1344, 6
0.000695697, 0.000441541, 0.000247194, 7.604e-06, 600, 1210, 15
0.000254243, 0.000148915, 0.00010432, 2.453e-06, 580, 1300, 11
0.000749721, 0.000431452, 0.000310697, 1.3997e-05, 592, 1382, 10
0.000246037, 0.000159694, 8.4679e-05, 2.369e-06, 580, 1166, 10
0.000500177, 0.000318508, 0.000177225, 4.804e-06, 565, 1223, 7
0.000293646, 0.000184812, 0.000107297, 2.547e-06, 592, 1425, 10
0.000325819, 0.000238026, 8.4463e-05, 2.709e-06, 598, 1368, 10
0.000220178, 0.000142065, 7.7156e-05, 1.692e-06, 589, 1246, 6
0.000149751, 9.7459e-05, 5.1783e-05, 2.788e-06, 612, 1160, 11
0.000319771, 0.00019409, 0.000124487, 2.224e-06, 586, 1297, 7
0.000403757, 0.000254766, 0.000146043, 1.399e-06, 596, 1421, 3
0.000206181, 0.000126867, 7.8519e-05, 2.201e-06, 576, 1092, 9
0.000274579, 0.000161886, 0.000110603, 3.023e-06, 595, 1122, 11
0.000222166, 0.000139726, 8.1572e-05, 2.746e-06, 579, 1210, 12
0.000332407, 0.000180565, 0.000150034, 3.109e-06, 602, 1320, 5
0.000277879, 0.000149022, 0.000127256, 4.487e-06, 568, 1444, 19
0.000537447, 0.000327746, 0.000207459, 3.542e-06, 569, 1312, 8
0.00289169, 0.00015652, 0.000125912, 3.583e-06, 543, 1570, 15
0.00024146, 0.000144014, 9.6862e-05, 1.587e-06, 561, 1462, 6
0.000265476, 0.000162794, 0.000100469, 2.129e-06, 558, 1489, 8
0.000356099, 0.000176169, 0.000177242, 6.851e-06, 560, 1429, 15
0.000160588, 9.4653e-05, 6.5055e-05, 2.842e-06, 556, 1518, 15
0.000408027, 0.000204803, 0.000200163, 8.065e-06, 550, 1581, 16
0.000170948, 0.00010036, 6.9737e-05, 4.06e-06, 546, 1541, 16
0.00121628, 0.000712084, 0.000497677, 1.2761e-05, 527, 1577, 14
0.000262066, 0.000145366, 0.000114802, 5.539e-06, 530, 1716, 17
0.00026, 0.000131836, 0.000127077, 6.103e-06, 528, 1533, 14
0.000232861, 0.000137864, 9.3676e-05, 2.443e-06, 513, 1472, 8
0.000465138, 0.000224781, 0.000237666, 1.5777e-05, 508, 1373, 20
0.00014038, 7.9603e-05, 5.9961e-05, 2.317e-06, 515, 1497, 12
0.00078288, 0.000505537, 0.000273067, 3.883e-06, 511, 1345, 6
0.000155937, 9.1709e-05, 6.3399e-05, 1.735e-06, 509, 1303, 8
0.000698676, 0.00034469, 0.000350148, 1.0411e-05, 517, 1488, 19
0.000221408, 0.00013368, 8.6642e-05, 1.66e-06, 513, 1420, 4
0.000491377, 0.000277871, 0.000208124, 8.121e-06, 506, 1324, 17
0.000310127, 0.000185461, 0.000122269, 3.403e-06, 515, 1388, 8
0.000400064, 0.000210727, 0.000186354, 3.705e-06, 504, 1338, 7
0.000253031, 0.000136718, 0.000114831, 4.508e-06, 523, 1413, 12
0.000339188, 0.000134789, 0.000203293, 2.034e-06, 511, 1372, 8
0.000245973, 0.000138842, 0.000104672, 3.599e-06, 509, 1536, 15
0.00056188, 0.00030283, 0.000255317, 7.398e-06, 522, 1407, 13
0.000453951, 0.000161087, 0.000291524, 6.147e-06, 526, 1657, 6
0.000930952, 0.00048844, 0.00044011, 1.7992e-05, 517, 1461, 12
0.000164778, 9.764e-05, 6.5859e-05, 3.951e-06, 518, 1514, 11
0.000486035, 0.000290226, 0.000193163, 3.987e-06, 523, 1369, 4
0.000255092, 0.000159084, 9.4725e-05, 4.239e-06, 532, 1526, 16
0.000413135, 0.000218226, 0.000192653, 2.1943e-05, 522, 1235, 8
0.000275139, 0.000171592, 0.000102629, 4.153e-06, 538, 1496, 17
0.000160543, 9.3758e-05, 6.6168e-05, 2.911e-06, 538, 1617, 17
0.000186164, 0.000117396, 6.7819e-05, 2.186e-06, 533, 1393, 8
0.000430036, 0.000233143, 0.000195304, 4.711e-06, 525, 1368, 6
0.00023894, 0.000138863, 9.9096e-05, 2.746e-06, 524, 1421, 10
0.000313326, 0.000164653, 0.000141027, 3.208e-06, 537, 1546, 7
0.000143702, 8.7854e-05, 5.5024e-05, 2.147e-06, 520, 1343, 12
0.000260767, 0.00013657, 0.000122043, 7.102e-06, 527, 1067, 13
0.000198977, 0.000119339, 7.8499e-05, 2.579e-06, 515, 1091, 7
0.000349132, 0.000234339, 0.000111782, 1.758e-06, 561, 1242, 5
0.000183028, 0.000108807, 7.305e-05, 2.69e-06, 559, 967, 10
0.00012991, 7.9226e-05, 5.0151e-05, 1.782e-06, 580, 1035, 7
0.000164912, 9.5884e-05, 6.7759e-05, 2.4e-06, 579, 777, 7
0.000272774, 0.000154785, 0.000115701, 4.265e-06, 608, 728, 9
0.000180298, 0.000121784, 5.5086e-05, 2.833e-06, 605, 1030, 11
0.000276568, 0.000165486, 0.000108988, 2.664e-06, 582, 1005, 7
0.000287597, 0.000197833, 8.8027e-05, 2.649e-06, 606, 958, 9
0.02405, 8.7387e-05, 5.1825e-05, 2.008e-06, 591, 893, 8
0.000197146, 0.000116165, 7.9415e-05, 3.09e-06, 599, 808, 10
0.000282992, 0.000171929, 0.000110077, 5.819e-06, 564, 663, 5
0.000101292, 5.7535e-05, 4.2757e-05, 1.114e-06, 541, 612, 4
0.000202843, 0.000122056, 7.9914e-05, 2.464e-06, 529, 815, 10
0.000148223, 8.9723e-05, 5.656e-05, 1.037e-06, 527, 624, 3
0.0294323, 6.6762e-05, 4.1986e-05, 1.323e-06, 510, 653, 6
0.000116068, 7.1248e-05, 4.404e-05, 2.014e-06, 513, 659, 7
0.000400569, 0.000153013, 0.000243353, 1.0284e-05, 527, 622, 10
0.000286105, 0.000131208, 0.000154119, 1.1819e-05, 515, 642, 12
0.000164272, 9.5541e-05, 6.7843e-05, 2.791e-06, 508, 548, 6
0.000199676, 0.000121548, 7.732e-05, 1.514e-06, 511, 601, 4
0.000180857, 0.000112628, 6.5983e-05, 2.209e-06, 507, 836, 6
0.000106294, 6.5627e-05, 3.9543e-05, 1.254e-06, 500, 733, 7
0.000177635, 0.000108369, 6.7766e-05, 2.192e-06, 500, 631, 9
0.000201387, 0.000118328, 8.1421e-05, 2.155e-06, 514, 714, 6
0.000256655, 0.000129354, 0.00012592, 3.771e-06, 533, 627, 5
0.000134485, 8.698e-05, 4.6523e-05, 8.53e-07, 530, 495, 2
0.022551, 7.8491e-05, 3.9586e-05, 2.631e-06, 575, 507, 10
0.000106078, 6.5804e-05, 3.9335e-05, 2.008e-06, 581, 649, 8
0.00217064, 7.6125e-05, 5.4841e-05, 2.289e-06, 617, 717, 5
0.000166662, 0.000109561, 5.6329e-05, 1.489e-06, 656, 708, 6
0.000415087, 0.00018077, 0.000232271, 9.092e-06, 641, 843, 11
0.00297763, 0.000152698, 0.000143843, 5.658e-06, 665, 1190, 12
0.000324262, 0.000196849, 0.000125783, 9.821e-06, 676, 1542, 16
0.000269755, 0.000127494, 0.000141188, 5.186e-06, 701, 1967, 22
0.000287437, 0.000153352, 0.000133038, 9.015e-06, 718, 2014, 18
0.000317017, 0.000184858, 0.000131098, 5.36e-06, 714, 1913, 20
0.00054232, 0.000288141, 0.000250206, 1.2139e-05, 699, 2140, 14
0.000333476, 0.000190295, 0.000142205, 4.201e-06, 736, 2293, 14
0.000374213, 0.000221057, 0.000151922, 3.99e-06, 727, 2481, 18
0.000420485, 0.000236109, 0.000182994, 6.167e-06, 713, 2592, 26
0.00047276, 0.000219448, 0.000251399, 9.525e-06, 715, 2485, 23
0.00124789, 0.000499193, 0.000745404, 2.6265e-05, 732, 2657, 24
0.000574395, 0.000327566, 0.000244546, 4.772e-06, 716, 2681, 14
0.000222429, 0.000124057, 9.7332e-05, 3.955e-06, 722, 2229, 14
0.000392381, 0.00024732, 0.000142356, 4.8e-06, 706, 2171, 17
0.00032506, 0.000192818, 0.00013106, 3.15e-06, 698, 2303, 15
0.000328306, 0.00019092, 0.000136449, 3.039e-06, 694, 1785, 12
0.000227811, 0.000132745, 9.3071e-05, 2.93e-06, 718, 1878, 13
0.000277018, 0.000144457, 0.00013117, 3.045e-06, 719, 2336, 15
0.000456988, 0.00028674, 0.000169123, 4.19e-06, 716, 2348, 16
0.000239852, 0.000136409, 0.00010192, 2.075e-06, 707, 2148, 9
0.000442285, 0.000233055, 0.000206486, 6.065e-06, 702, 1624, 15
0.000177489, 9.972e-05, 7.7182e-05, 3.488e-06, 707, 1172, 15
0.000173318, 0.000100183, 7.2229e-05, 2.545e-06, 665, 1498, 9
0.00031325, 0.000175486, 0.000136711, 3.238e-06, 673, 1498, 9
0.000242553, 0.00014712, 9.4499e-05, 2.157e-06, 671, 1277, 8
0.000254609, 0.000143086, 0.000110705, 1.564e-06, 661, 1184, 6
0.000146116, 9.2093e-05, 5.2965e-05, 1.473e-06, 648, 1208, 8
0.000330057, 0.000200039, 0.000119465, 3.636e-06, 666, 1406, 10
0.000277457, 0.000159287, 0.000117319, 2.085e-06, 658, 1560, 8
0.000271457, 0.000158101, 0.000112521, 2.292e-06, 655, 1519, 8
0.00031729, 0.000192615, 0.000123605, 2.527e-06, 667, 1667, 7
0.000457254, 0.000208887, 0.000247612, 5.466e-06, 682, 1781, 10
0.000221, 0.000125052, 9.5032e-05, 2.719e-06, 702, 1987, 13
0.000289515, 0.000148704, 0.000139233, 2.415e-06, 693, 1894, 9
0.000334054, 0.000183222, 0.000149212, 1.291e-06, 697, 2040, 5
0.000450183, 0.000312892, 0.000135386, 3.787e-06, 715, 2152, 14
0.000337386, 0.000201378, 0.000134908, 3.206e-06, 713, 2390, 14
0.000384503, 0.000225696, 0.000157481, 3.091e-06, 709, 2547, 12
0.000232739, 0.000129862, 0.000101906, 4.763e-06, 703, 2571, 22
0.000402864, 0.000215137, 0.000186134, 4.044e-06, 719, 2809, 18
0.000385282, 0.000229015, 0.000154032, 5.214e-06, 719, 2790, 24
0.000408252, 0.000222376, 0.000184643, 7.771e-06, 704, 2812, 34
0.00053652, 0.000377136, 0.000155809, 5.554e-06, 700, 2732, 26
0.000758674, 0.000525629, 0.000227878, 8.122e-06, 692, 2633, 21
0.0286855, 0.000279062, 0.000249575, 7.036e-06, 687, 2501, 18
0.000259316, 0.000153196, 0.000104129, 2.267e-06, 661, 2516, 11
0.000295482, 0.000176572, 0.000117792, 2.481e-06, 632, 2139, 10
0.000303751, 0.000187133, 0.000115568, 2.396e-06, 651, 1722, 6
0.000165941, 0.000103973, 6.1042e-05, 1.662e-06, 603, 749, 6
0.00382421, 0.000130609, 8.7323e-05, 1.332e-06, 582, 491, 2
0.000152002, 0.000100489, 5.0377e-05, 3.92e-07, 574, 548, 1
9.7358e-05, 6.2728e-05, 3.4059e-05, 1.025e-06, 586, 576, 3
9.1204e-05, 5.6556e-05, 3.3729e-05, 1.048e-06, 573, 663, 3
0.000204862, 0.0001334, 6.977e-05, 1.633e-06, 581, 638, 5
8.1327e-05, 5.1754e-05, 2.8839e-05, 1.233e-06, 577, 504, 4
0.000172359, 0.000104657, 6.4562e-05, 3.583e-06, 568, 648, 5
0.00014773, 9.8527e-05, 4.8257e-05, 9.13e-07, 541, 574, 2
0.000192338, 0.00010876, 8.2517e-05, 1.151e-06, 568, 649, 3
0.000202776, 0.000128181, 7.3123e-05, 3.098e-06, 570, 574, 11
0.000296839, 0.000189752, 0.000103936, 3.792e-06, 541, 579, 6
0.000194266, 0.000107979, 8.4931e-05, 2.775e-06, 547, 926, 6
0.000188442, 0.000108945, 7.8736e-05, 2.202e-06, 548, 837, 8
0.00010861, 7.0489e-05, 3.7438e-05, 1.164e-06, 534, 639, 4
0.00045628, 0.000223857, 0.000226779, 5.258e-06, 526, 662, 5
0.000114676, 7.2736e-05, 4.0655e-05, 1.709e-06, 510, 704, 7
0.000144249, 8.3479e-05, 5.7637e-05, 2.593e-06, 511, 672, 7
0.000182931, 0.000104255, 7.6689e-05, 2.282e-06, 518, 628, 7
0.000180456, 0.000119736, 5.903e-05, 2.21e-06, 512, 587, 6
0.000134604, 8.5197e-05, 4.7787e-05, 1.259e-06, 519, 658, 5
0.00020645, 0.000119965, 8.4349e-05, 1.698e-06, 542, 693, 5
0.000365112, 0.000237827, 0.000124308, 5.531e-06, 542, 700, 5
0.000139915, 9.2971e-05, 4.5813e-05, 5.7e-07, 534, 625, 1
0.000135171, 8.8179e-05, 4.5975e-05, 1.484e-06, 526, 623, 4
0.000189237, 0.000118866, 6.8697e-05, 9.56e-07, 519, 752, 2
0.000274413, 0.000206994, 6.5432e-05, 1.845e-06, 529, 634, 6
0.000206174, 8.2669e-05, 0.000122624, 4.164e-06, 516, 651, 8
0.00016725, 0.0001078, 5.7434e-05, 2.653e-06, 517, 729, 8
0.000393085, 0.000241797, 0.000148985, 9.285e-06, 520, 683, 8
0.000154791, 9.6874e-05, 5.6178e-05, 1.799e-06, 518, 710, 7
0.000329086, 0.000179004, 0.000147369, 4.412e-06, 523, 626, 6
8.688e-05, 5.6766e-05, 2.9161e-05, 1.279e-06, 524, 560, 5
0.000182395, 0.000107289, 7.4218e-05, 4.666e-06, 545, 689, 8
0.000288539, 0.000248815, 3.8285e-05, 1.792e-06, 583, 636, 10
0.000508436, 0.000298664, 0.000203823, 7.335e-06, 544, 641, 6
0.000165074, 0.00011219, 5.1933e-05, 2.011e-06, 557, 702, 8
0.0857113, 0.000142776, 9.4307e-05, 6.204e-06, 539, 756, 10
0.000335916, 0.000281773, 5.2201e-05, 2.041e-06, 515, 748, 6
0.000475171, 0.000232059, 0.000240275, 8.606e-06, 508, 651, 7
0.000156441, 0.000103713, 5.1896e-05, 1.826e-06, 516, 687, 8
0.000211878, 0.000122368, 8.7316e-05, 2.301e-06, 504, 741, 5
0.000142308, 8.9497e-05, 5.1569e-05, 2.693e-06, 470, 587, 8
0.000131841, 8.523e-05, 4.5638e-05, 1.228e-06, 451, 432, 3
0.000103617, 6.6399e-05, 3.6037e-05, 1.692e-06, 422, 591, 4
0.00019034, 0.000125022, 6.251e-05, 2.542e-06, 439, 641, 7
0.000142077, 9.4575e-05, 4.6616e-05, 1.816e-06, 456, 871, 7
0.000311136, 0.00018697, 0.000120358, 8.853e-06, 427, 638, 8
0.000107232, 6.6031e-05, 4.0357e-05, 1.365e-06, 432, 757, 6
0.000253972, 0.00013983, 0.000110643, 2.538e-06, 423, 714, 5
9.5498e-05, 5.7532e-05, 3.7037e-05, 2.36e-06, 417, 641, 6
0.000109231, 5.6606e-05, 5.1921e-05, 1.986e-06, 423, 679, 7
0.000169111, 0.000103307, 6.4537e-05, 1.909e-06, 413, 630, 8
0.000117516, 8.2728e-05, 3.3728e-05, 1.129e-06, 412, 542, 4
7.6095e-05, 4.8417e-05, 2.683e-05, 2.21e-06, 409, 531, 11
0.000396398, 0.000220487, 0.000171873, 5.457e-06, 411, 601, 4
0.000133846, 8.7118e-05, 4.5756e-05, 6.6e-07, 413, 619, 2
0.000259854, 0.000163263, 9.4606e-05, 5.744e-06, 387, 534, 6
0.00019235, 0.000103095, 8.6305e-05, 1.503e-06, 413, 677, 3
0.000408966, 0.000259753, 0.000144278, 2.63e-06, 402, 598, 4
0.000141358, 8.608e-05, 5.4235e-05, 1.553e-06, 408, 668, 5
0.000149978, 9.1949e-05, 5.6243e-05, 2.547e-06, 425, 606, 6
0.000106414, 7.2113e-05, 3.3252e-05, 1.037e-06, 408, 549, 3
0.000337812, 0.000185101, 0.000150982, 4.087e-06, 405, 627, 6
0.000103874, 5.9802e-05, 4.2979e-05, 1.956e-06, 395, 532, 7
0.000188562, 0.000136213, 5.039e-05, 4.84e-07, 408, 665, 1
0.000171941, 8.427e-05, 8.6563e-05, 2.676e-06, 391, 576, 8
0.000150433, 8.7585e-05, 6.1872e-05, 1.462e-06, 397, 559, 3
0.000110666, 7.7652e-05, 3.2133e-05, 9.14e-07, 390, 516, 3
0.000182195, 8.9734e-05, 9.0823e-05, 3.423e-06, 404, 442, 2
9.3907e-05, 5.212e-05, 4.0516e-05, 1.628e-06, 404, 522, 4
0.000290797, 0.000166356, 0.000119257, 6.776e-06, 408, 505, 3
0.000106702, 7.2916e-05, 3.3073e-05, 9.54e-07, 385, 528, 3
0.000117106, 7.6258e-05, 4.013e-05, 1.343e-06, 362, 549, 5
0.000164901, 0.000107602, 5.3419e-05, 1.239e-06, 386, 553, 2
0.000155078, 0.00011275, 4.0236e-05, 1.969e-06, 398, 573, 7
0.000117565, 8.0275e-05, 3.6087e-05, 1.721e-06, 419, 533, 7
0.000158131, 9.5067e-05, 5.9408e-05, 2.035e-06, 401, 492, 4
6.3858e-05, 4.5111e-05, 1.7745e-05, 4.43e-07, 399, 416, 1
0.000353361, 0.000201337, 0.000146964, 7.984e-06, 388, 492, 4
6.4495e-05, 4.2386e-05, 2.1048e-05, 5.78e-07, 388, 425, 1
0.000146177, 0.000106357, 3.792e-05, 1.002e-06, 400, 515, 1
9.8907e-05, 6.9121e-05, 2.8743e-05, 1.408e-06, 400, 397, 5
7.7708e-05, 5.1976e-05, 2.5043e-05, 8.82e-07, 394, 542, 3
5.9225e-05, 3.9362e-05, 1.8953e-05, 4.08e-07, 399, 482, 1
0.000120445, 6.9037e-05, 4.9816e-05, 1.413e-06, 390, 494, 3
9.553e-05, 6.7671e-05, 2.6801e-05, 1.164e-06, 400, 509, 4
0.00030791, 0.000154022, 0.000151297, 2.967e-06, 415, 592, 3
0.000111049, 7.5889e-05, 3.4239e-05, 7.79e-07, 399, 504, 2
0.000171212, 0.000110822, 5.8981e-05, 2.108e-06, 415, 501, 3
0.000154232, 9.6832e-05, 5.6434e-05, 1.797e-06, 416, 664, 4
0.000513899, 0.000273815, 0.000235008, 6.208e-06, 425, 544, 2
0.000216315, 9.6921e-05, 0.000117275, 1.628e-06, 399, 555, 1
0.000116036, 7.6151e-05, 3.8834e-05, 1.607e-06, 399, 478, 7
6.2221e-05, 4.0885e-05, 2.0379e-05, 1.035e-06, 380, 492, 4
0.000246476, 0.000163131, 7.6109e-05, 3.276e-06, 399, 475, 2
0.000118245, 7.7409e-05, 3.9979e-05, 1.624e-06, 392, 578, 6
0.000347176, 0.000182734, 0.000158954, 5.725e-06, 391, 498, 5
0.000151499, 9.2982e-05, 5.7493e-05, 1.803e-06, 403, 548, 5
0.000564046, 0.000258942, 0.000298601, 1.0807e-05, 399, 687, 4
0.000116616, 7.8173e-05, 3.7452e-05, 1.284e-06, 398, 566, 5
0.000269822, 0.000155352, 0.000112698, 3.281e-06, 401, 668, 4
0.000348185, 0.000193823, 0.000149951, 4.684e-06, 406, 672, 4
0.000139077, 9.2457e-05, 4.5583e-05, 1.3196e-05, 388, 606, 4
7.9469e-05, 5.3164e-05, 2.5569e-05, 8.39e-07, 383, 647, 3
0.000297526, 0.0001673, 0.000127982, 4.909e-06, 385, 733, 9
0.000159339, 8.9639e-05, 6.7973e-05, 2.213e-06, 376, 639, 5
0.000156638, 0.000100547, 5.481e-05, 2.001e-06, 373, 594, 5
9.218e-05, 5.862e-05, 3.2711e-05, 1.922e-06, 385, 700, 6
0.000366303, 0.000192871, 0.000170815, 2.763e-06, 388, 615, 2
0.000124645, 8.6084e-05, 3.7124e-05, 9.4e-07, 387, 591, 3
0.000251447, 0.000150291, 9.0756e-05, 4.074e-06, 401, 527, 7
0.000611, 0.000341665, 0.000257089, 1.0886e-05, 397, 638, 5
0.000124845, 9.3661e-05, 3.025e-05, 1.583e-06, 400, 694, 4
0.000201017, 0.000154092, 4.5289e-05, 7.66e-07, 397, 610, 2
0.000287604, 0.000172013, 0.000113033, 2.578e-06, 410, 677, 2
0.000146922, 9.4449e-05, 5.0878e-05, 2.65e-06, 400, 710, 9
0.000174932, 0.000118564, 5.4922e-05, 4.151e-06, 392, 631, 8
0.000129945, 8.6992e-05, 4.2032e-05, 7.21e-07, 388, 670, 2
0.000186441, 0.000110102, 7.4305e-05, 1.926e-06, 400, 598, 5
0.000128642, 8.4377e-05, 4.2948e-05, 2.421e-06, 390, 654, 5
0.000226326, 0.000153226, 7.15e-05, 1.387e-06, 398, 656, 4
0.000190688, 0.000147256, 4.1954e-05, 5.88e-07, 401, 618, 1
0.000128724, 8.9478e-05, 3.8148e-05, 8.62e-07, 389, 590, 2
0.000127213, 9.0379e-05, 3.545e-05, 9.33e-07, 414, 619, 3
9.4874e-05, 5.9396e-05, 3.4506e-05, 9.83e-07, 397, 655, 3
9.5577e-05, 6.8068e-05, 2.6626e-05, 6.64e-07, 401, 606, 4
0.000249156, 0.000126373, 0.000121246, 3.458e-06, 388, 708, 7
0.000129904, 8.8842e-05, 3.9926e-05, 7.1e-07, 396, 654, 3
0.00019046, 0.000135162, 5.2119e-05, 6.76e-07, 382, 654, 2
0.000153712, 0.000107829, 4.4904e-05, 9.11e-07, 391, 568, 2
0.000157658, 0.000119032, 3.5508e-05, 1.251e-06, 371, 544, 3
0.000230571, 7.5436e-05, 0.000154189, 4.76e-06, 401, 619, 5
0.000126157, 8.3976e-05, 4.1332e-05, 1.114e-06, 386, 632, 4
0.000156789, 0.000102266, 5.2534e-05, 1.595e-06, 416, 706, 3
0.000168928, 0.000119864, 4.7111e-05, 1.353e-06, 403, 602, 3
0.000250443, 0.0001274, 0.000121511, 3.909e-06, 412, 687, 3
0.000254008, 0.000116549, 0.000133968, 4.107e-06, 407, 717, 3
0.000330381, 0.000193584, 0.000134347, 2.89e-06, 423, 667, 4
0.000248552, 0.000126338, 0.000119703, 2.314e-06, 433, 700, 4
0.000140092, 9.4862e-05, 4.4309e-05, 1.214e-06, 411, 755, 4
0.000153469, 9.8454e-05, 5.3648e-05, 6.44e-07, 404, 700, 1
0.00013498, 8.8931e-05, 4.2666e-05, 1.35e-06, 408, 593, 4
0.000138148, 8.7936e-05, 4.8367e-05, 1.648e-06, 410, 699, 4
0.000138858, 9.5081e-05, 4.1957e-05, 1.318e-06, 396, 641, 5
0.000156165, 0.000112592, 4.176e-05, 9.26e-07, 415, 694, 3
9.5845e-05, 6.2524e-05, 3.2558e-05, 1.561e-06, 406, 803, 7
0.00014592, 9.2477e-05, 5.1601e-05, 2.663e-06, 405, 673, 6
0.000218106, 0.000107441, 0.000106607, 1.297e-06, 407, 611, 3
0.000150179, 9.8461e-05, 5.0822e-05, 1.166e-06, 420, 774, 4
0.000151038, 9.6663e-05, 5.3329e-05, 1.494e-06, 408, 736, 5
0.000138806, 9.6934e-05, 4.1059e-05, 8.66e-07, 406, 721, 3
0.000179683, 0.000119312, 5.9187e-05, 1.599e-06, 404, 699, 3
8.2851e-05, 5.7373e-05, 2.498e-05, 0, 409, 666, 0
0.000235839, 0.00014157, 9.2235e-05, 1.712e-06, 402, 778, 3
0.000129043, 9.165e-05, 3.6216e-05, 8e-07, 401, 657, 2
8.5626e-05, 5.4106e-05, 3.0691e-05, 7.58e-07, 398, 711, 3
8.6683e-05, 5.5841e-05, 3.0058e-05, 9.82e-07, 400, 684, 3
9.4379e-05, 6.2428e-05, 3.1158e-05, 1.25e-06, 402, 714, 5
9.526e-05, 6.1111e-05, 3.3249e-05, 1.913e-06, 411, 767, 8
0.000149555, 0.000100905, 4.6916e-05, 1.66e-06, 403, 864, 5
0.000208078, 0.000132014, 7.4967e-05, 1.527e-06, 406, 622, 3
0.000112314, 7.0343e-05, 4.0993e-05, 1.799e-06, 408, 738, 7
0.000163763, 0.000109651, 5.2947e-05, 2.06e-06, 418, 790, 5
0.000174556, 0.000127345, 4.5441e-05, 8.93e-07, 404, 658, 2
0.000146062, 0.000103554, 4.1101e-05, 5.61e-07, 408, 708, 1
0.000137198, 8.897e-05, 4.746e-05, 1.741e-06, 391, 652, 6
0.000133348, 8.6318e-05, 4.6308e-05, 1.327e-06, 395, 662, 5
0.000112937, 7.9903e-05, 3.2426e-05, 1.273e-06, 401, 593, 4
0.000215795, 0.000131969, 8.1496e-05, 2.138e-06, 398, 769, 3
0.000234017, 0.000125743, 0.000105907, 3.419e-06, 402, 575, 5
0.000160335, 0.000108819, 5.0368e-05, 4.77e-07, 431, 823, 1
7.6928e-05, 5.4228e-05, 2.1598e-05, 9.44e-07, 433, 580, 4
0.000303904, 0.000219683, 7.5409e-05, 1.051e-06, 408, 736, 3
0.000133262, 8.9958e-05, 4.2296e-05, 1.196e-06, 420, 672, 4
0.000222141, 0.000125444, 9.1868e-05, 2.42e-06, 404, 731, 4
0.000121466, 7.5794e-05, 4.3512e-05, 1.593e-06, 420, 741, 7
0.000240171, 0.000161971, 7.6361e-05, 9.12e-07, 391, 819, 2
0.000134002, 9.3199e-05, 3.9457e-05, 9.78e-07, 399, 718, 1
0.000130516, 8.7572e-05, 4.2151e-05, 9.23e-07, 391, 701, 3
8.3764e-05, 5.571e-05, 2.6297e-05, 8.35e-07, 402, 649, 3
9.5365e-05, 6.326e-05, 3.0304e-05, 1.127e-06, 385, 761, 4
0.00013379, 9.1072e-05, 4.1813e-05, 1.427e-06, 399, 711, 4
9.1535e-05, 6.0946e-05, 2.9424e-05, 1.256e-06, 399, 755, 4
0.000137976, 9.4973e-05, 4.1515e-05, 9.06e-07, 406, 744, 3
0.000249653, 0.000148694, 9.8089e-05, 1.11e-06, 404, 796, 2
0.000136249, 9.0315e-05, 4.488e-05, 1.244e-06, 416, 714, 3
0.00012215, 8.7518e-05, 3.3568e-05, 1.465e-06, 424, 598, 3
0.000148396, 0.000100299, 4.7195e-05, 8.36e-07, 423, 778, 3
0.000130937, 9.1414e-05, 3.8385e-05, 2.154e-06, 432, 701, 6
0.000142412, 9.4431e-05, 4.694e-05, 1.241e-06, 412, 777, 4
0.000140683, 9.4463e-05, 4.5156e-05, 2.485e-06, 422, 791, 7
0.000262215, 0.00015803, 0.000103267, 2.79e-06, 422, 735, 2
0.000151413, 9.8328e-05, 5.2421e-05, 1.451e-06, 415, 738, 5
0.00014332, 9.8173e-05, 4.3857e-05, 1.85e-06, 403, 722, 4
8.1493e-05, 5.2606e-05, 2.811e-05, 5.01e-07, 407, 725, 1
0.000146386, 9.9158e-05, 4.5989e-05, 1.553e-06, 400, 769, 5
0.000143472, 9.7075e-05, 4.5568e-05, 4.79e-07, 403, 836, 1
0.00015044, 9.636e-05, 5.2546e-05, 1.595e-06, 405, 837, 5
0.000127919, 8.8921e-05, 3.808e-05, 4.37e-07, 414, 678, 1
0.000202928, 0.000131287, 7.0308e-05, 2.066e-06, 412, 779, 4
0.000282303, 0.000162045, 0.00011553, 2.931e-06, 423, 747, 3
8.3365e-05, 5.3144e-05, 2.9424e-05, 1.323e-06, 406, 714, 6
0.00017447, 0.000101132, 7.1713e-05, 1.32e-06, 399, 723, 3
0.000153609, 0.000101769, 5.0656e-05, 1.275e-06, 395, 921, 5
8.7468e-05, 5.5222e-05, 3.111e-05, 1.103e-06, 394, 728, 4
9.2534e-05, 6.1786e-05, 2.9944e-05, 1.595e-06, 398, 777, 4
8.7942e-05, 5.7241e-05, 2.9581e-05, 1.116e-06, 399, 718, 2
0.000190728, 0.000114987, 7.234e-05, 7.75e-07, 400, 863, 1
0.000221963, 0.000120911, 9.965e-05, 3.162e-06, 393, 697, 6
0.000148111, 0.00010126, 4.5887e-05, 5.67e-07, 399, 825, 1
0.000160878, 0.000116275, 4.2802e-05, 1.236e-06, 409, 730, 4
0.000140331, 9.8056e-05, 4.1252e-05, 1.408e-06, 407, 762, 3
9.3669e-05, 6.1978e-05, 3.0918e-05, 1.592e-06, 412, 691, 7
0.000120625, 8.6053e-05, 3.3821e-05, 4.93e-07, 395, 651, 1
0.000151382, 0.000102908, 4.7392e-05, 9.45e-07, 419, 794, 3
9.9717e-05, 6.7054e-05, 3.1378e-05, 9.79e-07, 403, 703, 4
0.000182827, 0.000114692, 6.7013e-05, 3.135e-06, 409, 772, 8
0.000132473, 8.0822e-05, 5.0596e-05, 2.268e-06, 392, 678, 2
0.000124005, 8.6258e-05, 3.6824e-05, 9.49e-07, 415, 697, 3
0.000175293, 0.000126363, 4.7696e-05, 2.013e-06, 403, 590, 5
0.000132511, 9.508e-05, 3.5751e-05, 0, 422, 713, 0
0.000108978, 7.6385e-05, 3.136e-05, 7.71e-07, 403, 665, 2
0.00021738, 0.000139253, 7.5457e-05, 2.665e-06, 434, 815, 4
0.00012871, 8.988e-05, 3.7335e-05, 0, 407, 655, 0
0.000219602, 0.0001348, 8.2614e-05, 2.656e-06, 421, 808, 3
0.000137773, 9.5942e-05, 4.0724e-05, 1.099e-06, 417, 671, 4
0.000146625, 0.000101918, 4.2919e-05, 0, 403, 726, 0
8.3942e-05, 6.001e-05, 2.3124e-05, 4.12e-07, 402, 614, 1
8.9678e-05, 6.3882e-05, 2.4774e-05, 8.28e-07, 397, 693, 3
0.000140903, 9.4357e-05, 4.5442e-05, 5.22e-07, 405, 808, 1
0.00013942, 8.9738e-05, 4.8577e-05, 3.58e-07, 393, 766, 1
0.000204997, 0.000138211, 6.4037e-05, 5.98e-07, 405, 612, 1
0.000187442, 0.000103959, 8.2251e-05, 3.014e-06, 401, 850, 3
0.000297607, 0.000182587, 0.000110738, 2.108e-06, 411, 579, 1
0.000149879, 9.8361e-05, 4.9534e-05, 1.089e-06, 407, 638, 3
0.000135254, 9.5277e-05, 3.8078e-05, 0, 401, 724, 0
8.5143e-05, 5.8262e-05, 2.6185e-05, 7.41e-07, 421, 685, 2
8.7254e-05, 5.7552e-05, 2.8881e-05, 7.45e-07, 418, 780, 3
7.0002e-05, 4.8174e-05, 2.0861e-05, 9.02e-07, 417, 545, 4
0.000102566, 7.4748e-05, 2.6148e-05, 9.73e-07, 420, 533, 3
0.000134388, 7.2767e-05, 6.0174e-05, 2.183e-06, 406, 684, 2
0.000132802, 9.288e-05, 3.8834e-05, 5.21e-07, 400, 667, 1
0.000139279, 9.5205e-05, 4.281e-05, 4.47e-07, 415, 602, 1
9.2776e-05, 6.4842e-05, 2.7136e-05, 1.295e-06, 403, 706, 2
8.8229e-05, 6.0572e-05, 2.6532e-05, 4.36e-07, 404, 707, 1
0.00015778, 0.000109037, 4.7626e-05, 1.35e-06, 419, 731, 4
9.5458e-05, 6.2748e-05, 3.1803e-05, 1.239e-06, 398, 650, 4
0.000134928, 9.1021e-05, 4.3111e-05, 4.23e-07, 406, 752, 1
0.000202725, 0.000131416, 6.7469e-05, 2.672e-06, 393, 587, 3
0.000126306, 8.24e-05, 4.3127e-05, 6.06e-07, 393, 645, 2
0.000108346, 7.1289e-05, 3.6382e-05, 1.723e-06, 364, 693, 6
0.000127411, 8.2248e-05, 4.3986e-05, 1.07e-06, 316, 710, 2
0.000139317, 9.4567e-05, 4.4024e-05, 5.74e-07, 316, 688, 1
0.000126812, 8.6192e-05, 3.9535e-05, 1.404e-06, 305, 641, 2
0.000115876, 7.3046e-05, 4.1915e-05, 5.95e-07, 294, 587, 1
7.9226e-05, 4.9789e-05, 2.8724e-05, 6.14e-07, 310, 684, 2
0.000131011, 7.3969e-05, 5.6273e-05, 2.185e-06, 311, 629, 3
0.000287671, 0.000143854, 0.000140713, 4.789e-06, 301, 734, 4
0.000133668, 8.7025e-05, 4.5522e-05, 1.158e-06, 313, 702, 4
0.000107549, 6.9638e-05, 3.6884e-05, 1.017e-06, 296, 574, 3
9.8402e-05, 6.1589e-05, 3.5639e-05, 1.437e-06, 302, 542, 3
0.000120169, 7.3336e-05, 4.5894e-05, 1.075e-06, 294, 636, 2
0.000120481, 7.6499e-05, 4.3075e-05, 1.795e-06, 298, 713, 5
0.000115692, 7.2556e-05, 4.1644e-05, 9.52e-07, 297, 619, 3
0.000157346, 9.5341e-05, 5.9309e-05, 2.191e-06, 314, 742, 3
0.000136128, 9.7438e-05, 3.7999e-05, 1.29e-06, 305, 602, 4
0.000117969, 7.7264e-05, 3.9567e-05, 9.93e-07, 309, 747, 3
0.000128608, 8.9546e-05, 3.7764e-05, 4.94e-07, 307, 650, 1
0.000126203, 8.2266e-05, 4.0963e-05, 6.91e-07, 305, 760, 2
7.348e-05, 4.6107e-05, 2.6556e-05, 7.1e-07, 307, 555, 2
0.000118256, 8.7553e-05, 2.9301e-05, 9.67e-07, 320, 731, 3
9.9301e-05, 6.6371e-05, 3.16e-05, 7.47e-07, 315, 516, 2
0.000157256, 8.839e-05, 6.815e-05, 1.052e-06, 325, 769, 3
0.000126208, 8.584e-05, 3.9425e-05, 7.59e-07, 319, 688, 2
0.000125096, 8.2798e-05, 4.1427e-05, 1.066e-06, 316, 770, 3
0.000102343, 6.8779e-05, 3.2399e-05, 5.36e-07, 313, 636, 1
0.000124624, 8.1188e-05, 4.2481e-05, 5.74e-07, 319, 708, 1
0.000119479, 8.1957e-05, 3.6076e-05, 0, 314, 682, 0
0.000127992, 8.3342e-05, 4.3992e-05, 1.275e-06, 311, 713, 4
0.000127543, 8.3631e-05, 4.2924e-05, 5.55e-07, 314, 777, 1
0.000164846, 9.9725e-05, 6.3686e-05, 2.665e-06, 313, 651, 4
0.000136375, 9.0189e-05, 4.5217e-05, 2.058e-06, 335, 668, 5
0.000126642, 8.3973e-05, 4.1817e-05, 1.451e-06, 387, 653, 5
6.974e-05, 4.7708e-05, 2.1386e-05, 0, 401, 596, 0
0.000126756, 8.8419e-05, 3.7503e-05, 6.9e-07, 417, 664, 2
0.000145175, 9.8847e-05, 4.4528e-05, 8.06e-07, 407, 717, 2
0.000153035, 0.000112144, 4.0189e-05, 4.33e-07, 408, 741, 1
